,id,sum_fast_weight,avg_fast_weight,sum_slow_weight,avg_slow_weight,V_gene_fast,J_gene_fast,codon_diversity_fast,sample_prevalence_fast,V_gene_slow,J_gene_slow,codon_diversity_slow,sample_prevalence_slow,degree,betweenness,closeness,eigenvector,V_gene_fast_id,V_gene_slow_id,J_gene_fast_id,J_gene_slow_id
0,CASRQGASYEQYF,1.7807627349181088,0.8903813674590544,1.8817727437192642,0.9408863718596321,TRBV12-3,TRBJ2-7,9,9,TRBV12-3,TRBJ2-7,4,5,2,0.0,0.007936507936507936,7.8154117655793e-45,6,6,11,11
1,CASSLDRMNTEAFF,1.8363460606724304,0.9181730303362152,1.8781171905579186,0.9390585952789593,TRBV5-1,TRBJ1-1,31,50,TRBV5-1,TRBJ1-1,11,13,2,0.0,0.007936507936507936,7.8154117655793e-45,21,21,0,0
2,CASSLDFYNEQFF,12.66001278506852,0.9042866275048943,13.54270304724833,0.9673359319463092,TRBV11-3,TRBJ2-1,15,24,TRBV11-2,TRBJ2-1,6,6,14,6.564821590433428e-05,0.055803571428571425,0.28384686468488896,5,4,6,6
3,CASSPGYYEQYF,11.651921742148314,0.8963016724729472,12.59623441040006,0.9689411084923123,TRBV11-2,TRBJ2-7,26,24,TRBV18,TRBJ2-7,7,6,13,3.9298587961080846e-05,0.05252100840336134,0.2702173377872991,4,10,11,11
4,CASSFGGSTGELFF,0.8538237082689244,0.8538237082689244,0.999115926006597,0.999115926006597,TRBV11-2,TRBJ2-2,31,31,TRBV12-4,TRBJ2-2,6,6,1,0.0,0.003968253968253968,1.244049060582388e-56,4,7,7,7
5,CASSRQGSYNEQFF,0.8538237082689244,0.8538237082689244,0.999115926006597,0.999115926006597,TRBV11-2,TRBJ2-1,43,61,TRBV12-3,TRBJ2-1,12,14,1,0.0,0.003968253968253968,1.244049060582388e-56,4,6,6,6
6,CASSLNSGQETQYF,0.8614154353761879,0.8614154353761879,0.8852667892683609,0.8852667892683609,TRBV5-1,TRBJ2-5,14,15,TRBV11-3,TRBJ2-5,6,6,1,0.0,0.003968253968253968,1.244049060582388e-56,21,5,9,9
7,CASSPGLAGGFYNEQFF,0.8614154353761879,0.8614154353761879,0.8852667892683609,0.8852667892683609,TRBV11-2,TRBJ2-1,10,11,TRBV5-1,TRBJ2-1,5,5,1,0.0,0.003968253968253968,1.244049060582388e-56,4,21,6,6
8,CASSSGLAGHNEQFF,4.6503327238058505,0.9300665447611701,4.688475156173869,0.9376950312347738,TRBV18,TRBJ2-1,16,20,TRBV5-1,TRBJ2-1,4,5,5,6.323910706380825e-05,0.02040816326530612,1.581746305778855e-28,10,21,6,6
9,CASSWDRTYEQYF,3.620931445971512,0.905232861492878,3.6913014319639554,0.9228253579909889,TRBV11-3,TRBJ2-7,11,28,TRBV12-4,TRBJ2-7,6,8,4,0.0,0.017857142857142856,1.4396307123759932e-28,5,7,11,11
10,CASRTGDTGELFF,1.8503004413263382,0.9251502206631691,1.9197433824140746,0.9598716912070373,TRBV12-3,TRBJ2-2,15,30,TRBV10-3,TRBJ2-2,6,8,2,0.0,0.007936507936507936,7.8154117655793e-45,6,2,7,7
11,CASSYRTNTGELFF,1.778450989948122,0.889225494974061,1.870732108715969,0.9353660543579845,TRBV11-2,TRBJ2-2,8,10,TRBV3-1,TRBJ2-2,6,5,2,0.0,0.007936507936507936,7.8154117655793e-45,4,17,7,7
12,CASSGGQGPYEQYF,12.845809119418725,0.9175577942441946,13.315404362255352,0.951100311589668,TRBV12-3,TRBJ2-7,16,22,TRBV11-2,TRBJ2-7,8,8,14,0.00013925150995915554,0.05555555555555555,0.00016406853062457633,6,4,11,11
13,CASSPTGAQETQYF,10.849587666035628,0.904132305502969,11.396953034544536,0.9497460862120447,TRBV11-2,TRBJ2-5,29,30,TRBV18,TRBJ2-5,6,6,12,8.1570919647186e-05,0.048611111111111105,0.000145999547038273,4,10,9,9
14,CASRTGGDTGELFF,7.158245091936788,0.8947806364920985,7.042582650863823,0.8803228313579778,TRBV28,TRBJ2-2,4,5,TRBV19,TRBJ2-2,5,5,8,0.0,0.04058441558441558,0.1828309953607703,16,11,7,7
15,CASSPGQGGDTQYF,12.83181280310519,0.9165580573646565,13.495830318655505,0.9639878799039646,TRBV11-2,TRBJ2-3,35,36,TRBV12-4,TRBJ2-3,11,10,14,6.564821590433428e-05,0.055803571428571425,0.28384686468488896,4,7,8,8
16,CASSLPGSGANVLTF,12.899912259164477,0.9214223042260341,13.349893464010165,0.9535638188578689,TRBV12-3,TRBJ2-6,49,46,TRBV11-1,TRBJ2-6,6,6,14,0.00013925150995915554,0.05555555555555555,0.00016406853062457633,6,3,10,10
17,CASSSSGGSSYNEQFF,6.223314110215544,0.8890448728879348,6.148806602419528,0.8784009432027897,TRBV10-1,TRBJ2-1,23,26,TRBV12-4,TRBJ2-1,7,7,7,1.1982806993241445e-05,0.037037037037037035,9.279974939592763e-05,0,7,6,6
18,CASSLSRGEQYF,0.9987021447530456,0.9987021447530456,0.8845319106299258,0.8845319106299258,TRBV11-2,TRBJ2-7,25,25,TRBV19,TRBJ2-7,10,9,1,0.0,0.003968253968253968,1.244049060582388e-56,4,11,11,11
19,CASSPGQIYEQYF,0.9987021447530456,0.9987021447530456,0.8845319106299258,0.8845319106299258,TRBV10-2,TRBJ2-7,28,36,TRBV11-2,TRBJ2-7,4,5,1,0.0,0.003968253968253968,1.244049060582388e-56,1,4,11,11
20,CASSQDGPYEQYF,0.9172173190557882,0.9172173190557882,0.9831552229820173,0.9831552229820173,TRBV12-3,TRBJ2-7,15,21,TRBV12-4,TRBJ2-7,10,8,1,0.0,0.003968253968253968,1.244049060582388e-56,6,7,11,11
21,CASSSLNEQFF,0.9172173190557882,0.9172173190557882,0.9831552229820173,0.9831552229820173,TRBV12-3,TRBJ2-1,49,65,TRBV11-2,TRBJ2-1,8,9,1,0.0,0.003968253968253968,1.244049060582388e-56,6,4,6,6
22,CASSFGGSYEQYF,0.8685120947966367,0.8685120947966367,0.923302193851617,0.923302193851617,TRBV11-1,TRBJ2-7,89,89,TRBV11-1,TRBJ2-7,30,23,1,0.0,0.003968253968253968,1.244049060582388e-56,3,3,11,11
23,CASSRGTGSNQPQHF,0.8685120947966367,0.8685120947966367,0.923302193851617,0.923302193851617,TRBV12-3,TRBJ1-5,11,12,TRBV12-3,TRBJ1-5,4,5,1,0.0,0.003968253968253968,1.244049060582388e-56,6,6,4,4
24,CASSLTAGANVLTF,11.871382610216502,0.9131832777089617,12.502801674886937,0.9617539749913029,TRBV11-2,TRBJ2-6,24,34,TRBV11-2,TRBJ2-6,8,6,13,4.005143447374522e-05,0.05252100840336134,0.27018659759121527,4,4,10,10
25,CASSPGLAGDTGELFF,11.644391856903885,0.8957224505310681,12.524245006221143,0.963403462017011,TRBV18,TRBJ2-2,16,19,TRBV10-1,TRBJ2-2,7,7,13,3.9298587961080846e-05,0.05252100840336134,0.2702173377872991,10,0,7,7
26,CASSLAHSNQPQHF,2.738921228171625,0.912973742723875,2.8340168804184556,0.9446722934728186,TRBV12-3,TRBJ1-5,11,17,TRBV12-3,TRBJ1-5,5,5,3,0.0,0.011904761904761904,1.8358923708561682e-36,6,6,4,4
27,CASSPGQFSGANVLTF,2.698666860513348,0.899555620171116,2.7847288732187403,0.9282429577395801,TRBV19,TRBJ2-6,4,5,TRBV11-2,TRBJ2-6,7,6,3,0.0,0.011904761904761904,1.8358923708561682e-36,11,4,10,10
28,CASSFGTGYEQYF,1.9591727830610515,0.9795863915305257,1.7980150475404073,0.8990075237702037,TRBV11-2,TRBJ2-7,32,41,TRBV12-3,TRBJ2-7,5,5,2,1.5809776765952063e-05,0.010582010582010581,1.312518247544749e-40,4,6,11,11
29,CASSLGAGMNTEAFF,1.943026155075632,0.971513077537816,1.7947901537502375,0.8973950768751188,TRBV11-2,TRBJ1-1,28,31,TRBV12-4,TRBJ1-1,6,6,2,1.5809776765952063e-05,0.010582010582010581,1.312518247544749e-40,4,7,0,0
30,CASSLTGGDSPLHF,7.012827384270637,0.8766034230338297,6.929556308171495,0.8661945385214369,TRBV11-2,TRBJ1-6,26,24,TRBV3-1,TRBJ1-6,5,5,8,0.0,0.04058441558441558,0.18213441732907584,4,17,5,5
31,CASSLVKDTQYF,14.116905472114889,0.9411270314743259,14.552470217913664,0.9701646811942443,TRBV5-1,TRBJ2-3,8,10,TRBV11-3,TRBJ2-3,5,6,15,0.0001346842411156583,0.05952380952380952,0.2924213430096901,21,5,8,8
32,CASSGQGSGANVLTF,14.08646834309858,0.9390978895399054,14.557707917099199,0.9705138611399466,TRBV12-3,TRBJ2-6,13,15,TRBV19,TRBJ2-6,10,7,15,0.0001346842411156583,0.05952380952380952,0.2924213430096901,6,11,10,10
33,CASSDRGRTEAFF,8.854193065975263,0.8854193065975263,9.24644028987218,0.924644028987218,TRBV12-3,TRBJ1-1,13,15,TRBV10-1,TRBJ1-1,5,5,10,0.0,0.04464285714285714,0.22605880413838553,6,0,0,0
34,CASSFSSETQYF,10.237785609686993,0.9307077826988176,10.387666832907465,0.9443333484461331,TRBV12-3,TRBJ2-5,19,17,TRBV12-3,TRBJ2-5,5,5,11,3.9273493077325363e-05,0.0457516339869281,0.00013999458863578934,6,6,9,9
35,CASSLVGASSYNEQFF,13.09952766989602,0.9356805478497157,13.313546869127494,0.9509676335091067,TRBV12-3,TRBJ2-1,13,12,TRBV5-1,TRBJ2-1,5,5,14,0.00013925150995915554,0.05555555555555555,0.00016406853062457633,6,21,6,6
36,CASSPNMNTEAFF,13.033415005027695,0.9309582146448354,13.504253071634304,0.964589505116736,TRBV11-2,TRBJ1-1,12,19,TRBV14,TRBJ1-1,10,12,14,9.854760850776786e-05,0.055803571428571425,0.27881312093139116,4,9,0,0
37,CASSQGTETQYF,6.966115441307681,0.8707644301634602,7.681566767335978,0.9601958459169972,TRBV10-2,TRBJ2-5,11,10,TRBV10-2,TRBJ2-5,6,6,8,0.0,0.04058441558441558,0.18241956411941493,1,1,9,9
38,CASSPGRTNEKLFF,2.6129027978925854,0.8709675992975284,2.6680509214531325,0.8893503071510441,TRBV12-3,TRBJ1-4,29,28,TRBV12-3,TRBJ1-4,4,5,3,0.0,0.011904761904761904,1.8358923708561682e-36,6,6,3,3
39,CASSPRGGGSYEQYF,1.820868178613338,0.910434089306669,1.869219781222614,0.934609890611307,TRBV12-3,TRBJ2-7,17,16,TRBV19,TRBJ2-7,8,7,2,0.0,0.010582010582010581,1.1093986328397384e-41,6,11,11,11
40,CASSPRGGGSYNEQFF,1.8662134704205902,0.9331067352102951,1.7912781883970736,0.8956390941985368,TRBV11-2,TRBJ2-1,12,10,TRBV12-4,TRBJ2-1,5,5,2,0.0,0.010582010582010581,1.1093986328397384e-41,4,7,6,6
41,CASRGGDTQYF,2.630536943514241,0.8768456478380804,2.6583142282139263,0.8861047427379755,TRBV10-2,TRBJ2-3,27,33,TRBV10-2,TRBJ2-3,8,9,3,9.485866059571237e-05,0.011904761904761904,2.0231788260929574e-47,1,1,8,8
42,CASSLGTGVTEAFF,0.8704679503357184,0.8704679503357184,0.8721010821552723,0.8721010821552723,TRBV12-3,TRBJ1-1,15,17,TRBV12-3,TRBJ1-1,5,5,1,0.0,0.007142857142857142,1.1680828398635198e-47,6,6,0,0
43,CASSLGQGNYEQYF,0.9207248047636458,0.9207248047636458,0.8697184537586773,0.8697184537586773,TRBV7-3,TRBJ2-7,50,50,TRBV11-2,TRBJ2-7,13,11,1,0.0,0.005291005291005291,3.1844131422901324e-51,24,4,11,11
44,CASSLVGLNTEAFF,1.7761701753916368,0.8880850876958184,1.8392461702696938,0.9196230851348469,TRBV11-2,TRBJ1-1,43,42,TRBV11-2,TRBJ1-1,10,10,2,3.161955353190413e-05,0.007936507936507936,4.50344025402583e-51,4,4,0,0
45,CASSLGVTDTQYF,1.7573108026751325,0.8786554013375663,1.9076637280447548,0.9538318640223774,TRBV12-3,TRBJ2-3,62,73,TRBV12-3,TRBJ2-3,12,10,2,0.0,0.007936507936507936,7.8154117655793e-45,6,6,8,8
46,CASSVAGGSYNEQFF,1.7949545156254634,0.8974772578127317,1.9031523420752596,0.9515761710376298,TRBV9,TRBJ2-1,48,61,TRBV12-3,TRBJ2-1,15,13,2,0.0,0.007936507936507936,7.8154117655793e-45,27,6,6,6
47,CASSLGSGGYNEQFF,0.9012841334252849,0.9012841334252849,0.9250059454596002,0.9250059454596002,TRBV5-1,TRBJ2-1,55,60,TRBV12-4,TRBJ2-1,10,10,1,0.0,0.003968253968253968,1.244049060582388e-56,21,7,6,6
48,CASSLSGASYNEQFF,0.9012841334252849,0.9012841334252849,0.9250059454596002,0.9250059454596002,TRBV11-2,TRBJ2-1,42,46,TRBV5-1,TRBJ2-1,6,6,1,0.0,0.003968253968253968,1.244049060582388e-56,4,21,6,6
49,CASSDGNTIYF,0.9135250017556863,0.9135250017556863,0.8923260015339065,0.8923260015339065,TRBV10-1,TRBJ1-3,8,14,TRBV2,TRBJ1-3,3,5,1,0.0,0.003968253968253968,1.244049060582388e-56,0,12,2,2
50,CASSSRGGQETQYF,0.9135250017556863,0.9135250017556863,0.8923260015339065,0.8923260015339065,TRBV12-3,TRBJ2-5,44,43,TRBV19,TRBJ2-5,8,8,1,0.0,0.003968253968253968,1.244049060582388e-56,6,11,9,9
51,CASSAGTSYEQYF,0.887016320435949,0.887016320435949,0.9618801827296969,0.9618801827296969,TRBV10-1,TRBJ2-7,25,27,TRBV19,TRBJ2-7,5,5,1,0.0,0.003968253968253968,1.244049060582388e-56,0,11,11,11
52,CASSLVRGSYNEQFF,0.887016320435949,0.887016320435949,0.9618801827296969,0.9618801827296969,TRBV11-1,TRBJ2-1,30,30,TRBV4-1,TRBJ2-1,6,6,1,0.0,0.003968253968253968,1.244049060582388e-56,3,18,6,6
53,CASSLGHSGANVLTF,0.9125341249928719,0.9125341249928719,0.8860117383759077,0.8860117383759077,TRBV11-2,TRBJ2-6,20,27,TRBV11-3,TRBJ2-6,3,5,1,0.0,0.003968253968253968,1.244049060582388e-56,4,5,10,10
54,CASSTGTGSYGYTF,0.9125341249928719,0.9125341249928719,0.8860117383759077,0.8860117383759077,TRBV11-2,TRBJ1-2,6,6,TRBV12-4,TRBJ1-2,5,5,1,0.0,0.003968253968253968,1.244049060582388e-56,4,7,1,1
55,CASSPRTGEETQYF,7.963606390323343,0.8848451544803715,8.549294707613749,0.9499216341793054,TRBV12-3,TRBJ2-5,36,39,TRBV11-2,TRBJ2-5,13,10,9,7.904888382976032e-06,0.04093567251461988,0.0001220911684008653,6,4,9,9
56,CASSLSPTYEQYF,5.990968111470953,0.8558525873529933,6.620408865123826,0.9457726950176895,TRBV27,TRBJ2-7,22,25,TRBV27,TRBJ2-7,7,7,7,0.0,0.037037037037037035,9.887246972845212e-05,15,15,11,11
57,CASSLMGGTDTQYF,7.554597408751086,0.9443246760938857,7.104793894814005,0.8880992368517506,TRBV11-1,TRBJ2-3,24,31,TRBV10-1,TRBJ2-3,7,9,8,7.465727917255141e-06,0.03888888888888888,0.00010848344770808206,3,0,8,8
58,CASRTGTGNTGELFF,0.8780842670621495,0.8780842670621495,0.8686555386326374,0.8686555386326374,TRBV19,TRBJ2-2,16,29,TRBV12-3,TRBJ2-2,5,9,1,0.0,0.003968253968253968,1.244049060582388e-56,11,6,7,7
59,CASSFAPNTEAFF,0.8780842670621495,0.8780842670621495,0.8686555386326374,0.8686555386326374,TRBV11-3,TRBJ1-1,9,11,TRBV11-3,TRBJ1-1,5,5,1,0.0,0.003968253968253968,1.244049060582388e-56,5,5,0,0
60,CASSLRTTGELFF,2.7754751211297988,0.9251583737099329,2.816812725717151,0.9389375752390503,TRBV12-4,TRBJ2-2,14,14,TRBV12-3,TRBJ2-2,5,5,3,1.5809776765952063e-05,0.011904761904761904,8.502665382154735e-40,7,6,7,7
61,CASSWGGSYEQYF,1.8089007781828992,0.9044503890914496,1.7988054127366433,0.8994027063683216,TRBV11-2,TRBJ2-7,22,27,TRBV11-2,TRBJ2-7,5,5,2,0.0,0.008928571428571428,6.638680521937997e-40,4,4,11,11
62,CASSFYTGELFF,0.8676077557521267,0.8676077557521267,0.8723125428606986,0.8723125428606986,TRBV7-2,TRBJ2-2,12,64,TRBV11-2,TRBJ2-2,5,19,1,0.0,0.003968253968253968,1.244049060582388e-56,23,4,7,7
63,CASSLGVDNEQFF,0.8676077557521267,0.8676077557521267,0.8723125428606986,0.8723125428606986,TRBV11-2,TRBJ2-1,24,29,TRBV11-2,TRBJ2-1,9,10,1,0.0,0.003968253968253968,1.244049060582388e-56,4,4,6,6
64,CASSEGGEQYF,1.7691935344182692,0.8845967672091346,1.885943461512958,0.942971730756479,TRBV10-1,TRBJ2-7,20,24,TRBV10-2,TRBJ2-7,4,5,2,3.161955353190413e-05,0.007936507936507936,4.50344025402583e-51,0,1,11,11
65,CASSVGTYNEQFF,0.8518018631795664,0.8518018631795664,0.9515155454056586,0.9515155454056586,TRBV10-2,TRBJ2-1,17,21,TRBV10-1,TRBJ2-1,6,6,1,0.0,0.005291005291005291,3.1844131422901324e-51,1,0,6,6
66,CASSLARLQETQYF,4.383350445048926,0.8766700890097852,4.70367409740512,0.940734819481024,TRBV12-3,TRBJ2-5,8,8,TRBV5-1,TRBJ2-5,4,5,5,6.323910706380825e-05,0.02040816326530612,1.581746305778855e-28,6,21,9,9
67,CASSLTGSTEAFF,4.537686770225076,0.9075373540450151,4.633073241561764,0.9266146483123527,TRBV11-2,TRBJ1-1,43,42,TRBV12-3,TRBJ1-1,15,14,5,0.00015809776765952064,0.02040816326530612,1.5073461850697135e-28,4,6,0,0
68,CASSPTGAYEQYF,0.982324528812042,0.982324528812042,0.8952113679272377,0.8952113679272377,TRBV11-2,TRBJ2-7,37,47,TRBV12-3,TRBJ2-7,14,13,1,0.0,0.003968253968253968,1.244049060582388e-56,4,6,11,11
69,CASSQALAGGTDTQYF,0.982324528812042,0.982324528812042,0.8952113679272377,0.8952113679272377,TRBV3-1,TRBJ2-3,9,9,TRBV3-1,TRBJ2-3,5,5,1,0.0,0.003968253968253968,1.244049060582388e-56,17,17,8,8
70,CASSPGQGNEQFF,0.9996721632387103,0.9996721632387103,0.9464615668555738,0.9464615668555738,TRBV11-2,TRBJ2-1,36,42,TRBV12-4,TRBJ2-1,6,6,1,0.0,0.003968253968253968,1.244049060582388e-56,4,7,6,6
71,CASSPGQGNEQYF,0.9996721632387103,0.9996721632387103,0.9464615668555738,0.9464615668555738,TRBV11-2,TRBJ2-7,30,34,TRBV12-3,TRBJ2-7,9,9,1,0.0,0.003968253968253968,1.244049060582388e-56,4,6,11,11
72,CASSFFPDTQYF,0.9432086162298736,0.9432086162298736,0.9053976028964854,0.9053976028964854,TRBV12-3,TRBJ2-3,9,13,TRBV12-3,TRBJ2-3,4,5,1,0.0,0.003968253968253968,1.244049060582388e-56,6,6,8,8
73,CASSQGSGSTDTQYF,0.9432086162298736,0.9432086162298736,0.9053976028964854,0.9053976028964854,TRBV14,TRBJ2-3,12,13,TRBV14,TRBJ2-3,5,5,1,0.0,0.003968253968253968,1.244049060582388e-56,9,9,8,8
74,CASSEAGGYNEQFF,8.953608637657888,0.8953608637657888,9.907114700171364,0.9907114700171364,TRBV2,TRBJ2-1,15,21,TRBV2,TRBJ2-1,6,8,10,0.0,0.04464285714285714,0.22605880413838553,12,12,6,6
75,CASSLELGQPQHF,0.9423554996687964,0.9423554996687964,0.89102151875257,0.89102151875257,TRBV11-2,TRBJ1-5,18,16,TRBV11-1,TRBJ1-5,5,5,1,0.0,0.003968253968253968,1.244049060582388e-56,4,3,4,4
76,CASSVTGELFF,0.9423554996687964,0.9423554996687964,0.89102151875257,0.89102151875257,TRBV12-3,TRBJ2-2,15,36,TRBV10-1,TRBJ2-2,8,9,1,0.0,0.003968253968253968,1.244049060582388e-56,6,0,7,7
77,CASSLSGRSSYEQYF,1.8388881937185584,0.9194440968592792,1.9447409771755009,0.9723704885877504,TRBV12-3,TRBJ2-7,18,19,TRBV12-4,TRBJ2-7,7,7,2,0.0,0.007936507936507936,7.8154117655793e-45,6,7,11,11
78,CASSLVGTEAFF,1.7897040548233913,0.8948520274116957,1.9308162190611993,0.9654081095305996,TRBV12-3,TRBJ1-1,63,83,TRBV11-2,TRBJ1-1,18,19,2,0.0,0.007936507936507936,7.8154117655793e-45,6,4,0,0
79,CASSPPGQGNYGYTF,12.114980063019827,0.9319215433092174,12.409844686653763,0.9546034374349048,TRBV12-3,TRBJ1-2,21,23,TRBV12-3,TRBJ1-2,5,5,13,9.987763734680827e-05,0.05185185185185185,0.00015630952349871674,6,6,1,1
80,CASSLMGGSYEQYF,0.8824970775546074,0.8824970775546074,0.9594188071076882,0.9594188071076882,TRBV12-3,TRBJ2-7,18,19,TRBV27,TRBJ2-7,5,5,1,0.0,0.003968253968253968,1.244049060582388e-56,6,15,11,11
81,CASSPGNSGNTIYF,0.8824970775546074,0.8824970775546074,0.9594188071076882,0.9594188071076882,TRBV7-2,TRBJ1-3,23,30,TRBV18,TRBJ1-3,9,8,1,0.0,0.003968253968253968,1.244049060582388e-56,23,10,2,2
82,CASSQGGNSPLHF,3.621456956475374,0.9053642391188435,3.754036614147282,0.9385091535368205,TRBV3-1,TRBJ1-6,30,40,TRBV12-3,TRBJ1-6,8,8,4,0.0,0.017857142857142856,1.4396307123759932e-28,17,6,5,5
83,CASSLSGGEKLFF,0.9036629787063006,0.9036629787063006,0.8693131570378354,0.8693131570378354,TRBV11-2,TRBJ1-4,17,15,TRBV12-3,TRBJ1-4,5,5,1,0.0,0.003968253968253968,1.244049060582388e-56,4,6,3,3
84,CASSRDSSNEKLFF,0.9036629787063006,0.9036629787063006,0.8693131570378354,0.8693131570378354,TRBV12-3,TRBJ1-4,10,12,TRBV12-3,TRBJ1-4,4,5,1,0.0,0.003968253968253968,1.244049060582388e-56,6,6,3,3
85,CASSLAGVRETQYF,0.9496495945892092,0.9496495945892092,0.9676158051161057,0.9676158051161057,TRBV11-2,TRBJ2-5,30,26,TRBV10-2,TRBJ2-5,10,9,1,0.0,0.003968253968253968,1.244049060582388e-56,4,1,9,9
86,CASSPRLAGTDTQYF,0.9496495945892092,0.9496495945892092,0.9676158051161057,0.9676158051161057,TRBV11-2,TRBJ2-3,41,44,TRBV12-4,TRBJ2-3,12,11,1,0.0,0.003968253968253968,1.244049060582388e-56,4,7,8,8
87,CASSLQQGYEQYF,10.018567473800273,0.9107788612545703,10.035126972714107,0.912284270246737,TRBV11-1,TRBJ2-7,17,20,TRBV11-3,TRBJ2-7,5,5,11,3.9273493077325363e-05,0.0457516339869281,0.00013999458863578934,3,5,11,11
88,CASSLLAGNTDTQYF,6.952633720941573,0.8690792151176966,7.347901583699825,0.9184876979624781,TRBV12-4,TRBJ2-3,14,20,TRBV12-4,TRBJ2-3,6,7,8,1.3551237227958909e-05,0.03888888888888888,0.00010650326683339985,7,7,8,8
89,CASSLEAEETQYF,12.151308923232824,0.9347160710179095,12.404026866694913,0.9541559128226856,TRBV11-3,TRBJ2-5,14,20,TRBV2,TRBJ2-5,7,6,13,6.956301777018907e-05,0.05252100840336134,0.26515285383771753,5,12,9,9
90,CASSQGLAGGYEQYF,11.846774437673147,0.9112903413594728,12.375322064873318,0.9519478511441014,TRBV10-1,TRBJ2-7,34,36,TRBV11-3,TRBJ2-7,8,7,13,0.00010834716061428259,0.05185185185185185,0.00015516376944077145,0,5,11,11
91,CASSWTSGQETQYF,1.7399544146542663,0.8699772073271331,1.8681590050984926,0.9340795025492463,TRBV11-2,TRBJ2-5,17,34,TRBV12-3,TRBJ2-5,8,8,2,0.0,0.007936507936507936,7.8154117655793e-45,4,6,9,9
92,CASSEGLAGYNEQFF,0.9132540536712488,0.9132540536712488,0.8702812164118422,0.8702812164118422,TRBV10-1,TRBJ2-1,23,30,TRBV2,TRBJ2-1,7,8,1,0.0,0.003968253968253968,1.244049060582388e-56,0,12,6,6
93,CASSYSGSYGYTF,0.9132540536712488,0.9132540536712488,0.8702812164118422,0.8702812164118422,TRBV12-3,TRBJ1-2,15,16,TRBV12-3,TRBJ1-2,5,5,1,0.0,0.003968253968253968,1.244049060582388e-56,6,6,1,1
94,CASSRTGVNTGELFF,7.835919767032137,0.8706577518924596,8.477974513430699,0.9419971681589665,TRBV10-2,TRBJ2-2,21,23,TRBV10-1,TRBJ2-2,6,6,9,2.672605119958563e-05,0.04093567251461988,0.00011723728780219453,1,0,7,7
95,CASSPGLAGRNEQFF,0.9323064670324782,0.9323064670324782,0.9832874667460383,0.9832874667460383,TRBV12-4,TRBJ2-1,27,25,TRBV4-1,TRBJ2-1,7,6,1,0.0,0.003968253968253968,1.244049060582388e-56,7,18,6,6
96,CASSQGGGYEQYF,0.9323064670324782,0.9323064670324782,0.9832874667460383,0.9832874667460383,TRBV3-1,TRBJ2-7,44,42,TRBV18,TRBJ2-7,6,6,1,0.0,0.003968253968253968,1.244049060582388e-56,17,10,11,11
97,CASSPGQTNQPQHF,1.8008246922648559,0.9004123461324279,1.9067900053754696,0.9533950026877348,TRBV18,TRBJ1-5,17,17,TRBV12-3,TRBJ1-5,8,6,2,0.0,0.007936507936507936,7.8154117655793e-45,10,6,4,4
98,CASSLLAGTDTQYF,2.8129033924033098,0.9376344641344366,2.8299546326062472,0.9433182108687491,TRBV11-2,TRBJ2-3,60,70,TRBV11-2,TRBJ2-3,15,10,3,0.0,0.011904761904761904,1.8358923708561682e-36,4,4,8,8
99,CASSFAGNQPQHF,0.892671868602453,0.892671868602453,0.9164769551978631,0.9164769551978631,TRBV11-2,TRBJ1-5,25,33,TRBV12-3,TRBJ1-5,5,5,1,0.0,0.003968253968253968,1.244049060582388e-56,4,6,4,4
100,CASSVGPYNEQFF,0.892671868602453,0.892671868602453,0.9164769551978631,0.9164769551978631,TRBV10-1,TRBJ2-1,26,24,TRBV2,TRBJ2-1,6,5,1,0.0,0.003968253968253968,1.244049060582388e-56,0,12,6,6
101,CASSPLGGNTEAFF,0.8522873089324363,0.8522873089324363,0.8977007626323162,0.8977007626323162,TRBV18,TRBJ1-1,46,40,TRBV12-3,TRBJ1-1,8,8,1,0.0,0.009070294784580497,6.358881531338834e-42,10,6,0,0
102,CASSQGQQNTEAFF,3.570917453840547,0.8927293634601368,3.650557407518838,0.9126393518797095,TRBV12-3,TRBJ1-1,10,15,TRBV3-1,TRBJ1-1,4,5,4,0.00015809776765952064,0.015873015873015872,1.4898370320419196e-41,6,17,0,0
103,CASSLGGRGQETQYF,0.8843665141510709,0.8843665141510709,0.9951543258998653,0.9951543258998653,TRBV11-1,TRBJ2-5,23,18,TRBV11-2,TRBJ2-5,5,5,1,0.0,0.003968253968253968,1.244049060582388e-56,3,4,9,9
104,CSARGAGETQYF,0.8843665141510709,0.8843665141510709,0.9951543258998653,0.9951543258998653,TRBV20-1,TRBJ2-5,10,11,TRBV20-1,TRBJ2-5,5,5,1,0.0,0.003968253968253968,1.244049060582388e-56,13,13,9,9
105,CASSIAGSSYNEQFF,0.9230582166212844,0.9230582166212844,0.8761980648109471,0.8761980648109471,TRBV19,TRBJ2-1,14,16,TRBV12-3,TRBJ2-1,5,5,1,0.0,0.003968253968253968,1.244049060582388e-56,11,6,6,6
106,CASSSAGGTGELFF,0.9230582166212844,0.9230582166212844,0.8761980648109471,0.8761980648109471,TRBV11-2,TRBJ2-2,19,19,TRBV12-3,TRBJ2-2,5,5,1,0.0,0.003968253968253968,1.244049060582388e-56,4,6,7,7
107,CASSLGQGQETQYF,13.957750492427813,0.9305166994951876,14.494032321913298,0.9662688214608866,TRBV12-3,TRBJ2-5,92,102,TRBV11-2,TRBJ2-5,31,21,15,0.0001346842411156583,0.05952380952380952,0.2924213430096901,6,4,9,9
108,CASSRQGTNTEAFF,1.8312939601307798,0.9156469800653899,1.9083500504412343,0.9541750252206171,TRBV12-3,TRBJ1-1,13,15,TRBV12-3,TRBJ1-1,7,7,2,0.0,0.007936507936507936,7.8154117655793e-45,6,6,0,0
109,CASSLSRGGEQYF,0.9325026562013992,0.9325026562013992,0.9759296922752309,0.9759296922752309,TRBV11-2,TRBJ2-7,18,16,TRBV11-2,TRBJ2-7,5,5,1,0.0,0.003968253968253968,1.244049060582388e-56,4,4,11,11
110,CASSPGQGVYEQYF,0.9325026562013992,0.9325026562013992,0.9759296922752309,0.9759296922752309,TRBV12-3,TRBJ2-7,57,53,TRBV18,TRBJ2-7,14,9,1,0.0,0.003968253968253968,1.244049060582388e-56,6,10,11,11
111,CASSPGTSGSSYNEQFF,0.9173916712387027,0.9173916712387027,0.9344279161072994,0.9344279161072994,TRBV11-3,TRBJ2-1,16,19,TRBV11-3,TRBJ2-1,6,6,1,0.0,0.005291005291005291,3.1844131422901324e-51,5,5,6,6
112,CASSLEREQYF,0.9573663373400911,0.9573663373400911,0.8702633213790323,0.8702633213790323,TRBV11-2,TRBJ2-7,24,30,TRBV12-3,TRBJ2-7,5,6,1,0.0,0.003968253968253968,1.244049060582388e-56,4,6,11,11
113,CASSSFYEQYF,0.9573663373400911,0.9573663373400911,0.8702633213790323,0.8702633213790323,TRBV12-4,TRBJ2-7,27,87,TRBV12-3,TRBJ2-7,12,15,1,0.0,0.003968253968253968,1.244049060582388e-56,7,6,11,11
114,CASSLAPNTEAFF,1.785488629167375,0.8927443145836875,1.8967583544528805,0.9483791772264403,TRBV5-1,TRBJ1-1,39,64,TRBV12-3,TRBJ1-1,12,11,2,0.0,0.008928571428571428,6.638680521937997e-40,21,6,0,0
115,CASSQDQNTEAFF,2.694496677854086,0.8981655592846954,2.821559359935842,0.9405197866452807,TRBV14,TRBJ1-1,10,20,TRBV12-3,TRBJ1-1,6,6,3,1.5809776765952063e-05,0.011904761904761904,8.502665382154735e-40,9,6,0,0
116,CASSGQGASPLHF,0.8691240539036431,0.8691240539036431,0.8643241545753367,0.8643241545753367,TRBV12-3,TRBJ1-6,4,5,TRBV2,TRBJ1-6,5,5,1,0.0,0.003968253968253968,1.244049060582388e-56,6,12,5,5
117,CASSLTENTEAFF,0.8691240539036431,0.8691240539036431,0.8643241545753367,0.8643241545753367,TRBV7-8,TRBJ1-1,65,95,TRBV11-2,TRBJ1-1,27,26,1,0.0,0.003968253968253968,1.244049060582388e-56,25,4,0,0
118,CASSQSGNTIYF,1.7800011522340105,0.8900005761170052,1.8606456720933404,0.9303228360466702,TRBV12-3,TRBJ1-3,21,33,TRBV12-3,TRBJ1-3,9,9,2,0.0,0.007936507936507936,7.8154117655793e-45,6,6,2,2
119,CASSLSRGNEQFF,0.9100624634224372,0.9100624634224372,0.8911606538902477,0.8911606538902477,TRBV11-2,TRBJ2-1,35,27,TRBV19,TRBJ2-1,6,6,1,0.0,0.003968253968253968,1.244049060582388e-56,4,11,6,6
120,CASSRGGYNEQFF,0.9100624634224372,0.9100624634224372,0.8911606538902477,0.8911606538902477,TRBV10-3,TRBJ2-1,37,36,TRBV19,TRBJ2-1,8,8,1,0.0,0.003968253968253968,1.244049060582388e-56,2,11,6,6
121,CASSLNRAETQYF,1.8604652414937826,0.9302326207468913,1.7423943411674723,0.8711971705837361,TRBV11-2,TRBJ2-5,13,16,TRBV11-2,TRBJ2-5,7,8,2,0.0,0.012987012987012986,7.453209798793008e-29,4,4,9,9
122,CASSPPGQGYGYTF,5.72441560616269,0.9540692676937818,5.226071828830707,0.8710119714717846,TRBV12-3,TRBJ1-2,24,27,TRBV11-2,TRBJ1-2,12,11,6,0.0,0.03535353535353535,8.664742949456142e-05,6,4,1,1
123,CASKGTGELFF,1.9701969872278475,0.9850984936139238,1.828293903566773,0.9141469517833865,TRBV12-3,TRBJ2-2,9,22,TRBV28,TRBJ2-2,4,5,2,6.323910706380825e-05,0.008928571428571428,9.96923583623575e-49,6,16,7,7
124,CASSLGQGQPQHF,1.944266782856849,0.9721333914284245,1.7966373606495416,0.8983186803247708,TRBV10-2,TRBJ1-5,54,52,TRBV10-2,TRBJ1-5,15,14,2,6.323910706380825e-05,0.008928571428571428,9.96923583623575e-49,1,1,4,4
125,CASSLEGTSYNEQFF,0.8496860316375713,0.8496860316375713,0.8757731048380283,0.8757731048380283,TRBV11-2,TRBJ2-1,14,16,TRBV11-2,TRBJ2-1,10,9,1,0.0,0.003968253968253968,1.244049060582388e-56,4,4,6,6
126,CASSPRGLQETQYF,0.8496860316375713,0.8496860316375713,0.8757731048380283,0.8757731048380283,TRBV11-2,TRBJ2-5,28,25,TRBV12-3,TRBJ2-5,9,8,1,0.0,0.003968253968253968,1.244049060582388e-56,4,6,9,9
127,CASSFEGDTQYF,1.825885620469553,0.9129428102347765,1.8951952876000038,0.9475976438000019,TRBV11-2,TRBJ2-3,16,18,TRBV12-3,TRBJ2-3,9,10,2,0.0,0.007936507936507936,7.8154117655793e-45,4,6,8,8
128,CASSRQGYTGELFF,1.8088853956616666,0.9044426978308333,1.9100722986553975,0.9550361493276988,TRBV11-2,TRBJ2-2,20,24,TRBV12-3,TRBJ2-2,4,5,2,0.0,0.007936507936507936,7.8154117655793e-45,4,6,7,7
129,CASSLGGADTEAFF,0.9462932931598278,0.9462932931598278,0.9446597694822157,0.9446597694822157,TRBV12-3,TRBJ1-1,34,38,TRBV12-3,TRBJ1-1,5,5,1,0.0,0.003968253968253968,1.244049060582388e-56,6,6,0,0
130,CASSSRGTEAFF,0.9462932931598278,0.9462932931598278,0.9446597694822157,0.9446597694822157,TRBV11-1,TRBJ1-1,44,49,TRBV12-3,TRBJ1-1,11,10,1,0.0,0.003968253968253968,1.244049060582388e-56,3,6,0,0
131,CASSVGQGSSYEQYF,0.9294163489533123,0.9294163489533123,0.936818011242644,0.936818011242644,TRBV12-4,TRBJ2-7,24,28,TRBV6-1,TRBJ2-7,6,5,1,0.0,0.003968253968253968,1.244049060582388e-56,7,22,11,11
132,CASSVTGGTDTQYF,0.9294163489533123,0.9294163489533123,0.936818011242644,0.936818011242644,TRBV9,TRBJ2-3,47,49,TRBV5-1,TRBJ2-3,14,11,1,0.0,0.003968253968253968,1.244049060582388e-56,27,21,8,8
133,CASSLVGGELFF,1.8155159356126012,0.9077579678063006,1.8099057343593679,0.9049528671796839,TRBV11-2,TRBJ2-2,41,57,TRBV11-2,TRBJ2-2,12,13,2,0.0,0.007936507936507936,7.8154117655793e-45,4,4,7,7
134,CASSQAGNEQFF,1.8322940484381887,0.9161470242190943,1.8706215204551726,0.9353107602275863,TRBV12-3,TRBJ2-1,28,34,TRBV3-1,TRBJ2-1,4,5,2,0.0,0.007936507936507936,7.8154117655793e-45,6,17,6,6
135,CASSLDRRETQYF,1.8370266015856247,0.9185133007928123,1.864601396841203,0.9323006984206015,TRBV11-1,TRBJ2-5,41,37,TRBV12-3,TRBJ2-5,8,8,2,0.0,0.007936507936507936,7.8154117655793e-45,3,6,9,9
136,CASSPLAGVYNEQFF,1.864937762896242,0.932468881448121,1.8997174456080232,0.9498587228040116,TRBV12-3,TRBJ2-1,46,45,TRBV12-3,TRBJ2-1,6,7,2,0.0,0.007936507936507936,7.8154117655793e-45,6,6,6,6
137,CASSSLAASTDTQYF,0.9060002531128133,0.9060002531128133,0.9198624988101404,0.9198624988101404,TRBV11-2,TRBJ2-3,22,26,TRBV12-3,TRBJ2-3,6,5,1,0.0,0.003968253968253968,1.244049060582388e-56,4,6,8,8
138,CASSTTGSYEQYF,0.9060002531128133,0.9060002531128133,0.9198624988101404,0.9198624988101404,TRBV11-2,TRBJ2-7,25,25,TRBV18,TRBJ2-7,7,6,1,0.0,0.003968253968253968,1.244049060582388e-56,4,10,11,11
139,CASSLQTDTQYF,1.854459817014623,0.9272299085073115,1.8344469830773136,0.9172234915386568,TRBV12-3,TRBJ2-3,23,33,TRBV12-3,TRBJ2-3,4,5,2,0.0,0.007936507936507936,7.8154117655793e-45,6,6,8,8
140,CASSFPSGSYEQYF,0.9432381787559835,0.9432381787559835,0.8885324006479345,0.8885324006479345,TRBV12-3,TRBJ2-7,8,10,TRBV2,TRBJ2-7,7,6,1,0.0,0.003968253968253968,1.244049060582388e-56,6,12,11,11
141,CASSL_ETQYF,0.9432381787559835,0.9432381787559835,0.8885324006479345,0.8885324006479345,TRBV11-2,TRBJ2-5,20,27,TRBV27,TRBJ2-5,8,7,1,0.0,0.003968253968253968,1.244049060582388e-56,4,15,9,9
142,CASSLARGDGYTF,0.8960943087203815,0.8960943087203815,0.866123916956583,0.866123916956583,TRBV12-3,TRBJ1-2,13,16,TRBV12-3,TRBJ1-2,7,7,1,0.0,0.003968253968253968,1.244049060582388e-56,6,6,1,1
143,CASSVGGSGELFF,0.8960943087203815,0.8960943087203815,0.866123916956583,0.866123916956583,TRBV19,TRBJ2-2,12,15,TRBV9,TRBJ2-2,4,5,1,0.0,0.003968253968253968,1.244049060582388e-56,11,27,7,7
144,CASSFTGDGYTF,0.9092091529890612,0.9092091529890612,0.9112866454183581,0.9112866454183581,TRBV11-3,TRBJ1-2,14,19,TRBV2,TRBJ1-2,6,7,1,0.0,0.003968253968253968,1.244049060582388e-56,5,12,1,1
145,CASSGGNEQFF,0.9092091529890612,0.9092091529890612,0.9112866454183581,0.9112866454183581,TRBV10-2,TRBJ2-1,37,46,TRBV11-2,TRBJ2-1,8,5,1,0.0,0.003968253968253968,1.244049060582388e-56,1,4,6,6
146,CASSFGTGELFF,4.356638505948307,0.8713277011896613,4.872514162220539,0.9745028324441078,TRBV12-4,TRBJ2-2,34,93,TRBV11-2,TRBJ2-2,16,25,5,0.0,0.03571428571428571,0.11476206109826168,7,4,7,7
147,CASSLAGGNYGYTF,0.8595874697400445,0.8595874697400445,0.8632062516079336,0.8632062516079336,TRBV11-2,TRBJ1-2,47,48,TRBV11-2,TRBJ1-2,10,11,1,0.0,0.003968253968253968,1.244049060582388e-56,4,4,1,1
148,CASSLRRTDTQYF,0.8595874697400445,0.8595874697400445,0.8632062516079336,0.8632062516079336,TRBV11-2,TRBJ2-3,49,55,TRBV11-2,TRBJ2-3,9,9,1,0.0,0.003968253968253968,1.244049060582388e-56,4,4,8,8
149,CASSGGRGTDTQYF,0.8606008791656337,0.8606008791656337,0.9804345281062928,0.9804345281062928,TRBV12-3,TRBJ2-3,18,20,TRBV19,TRBJ2-3,5,5,1,0.0,0.003968253968253968,1.244049060582388e-56,6,11,8,8
150,CASSLSSGNNEQFF,0.8606008791656337,0.8606008791656337,0.9804345281062928,0.9804345281062928,TRBV11-2,TRBJ2-1,18,23,TRBV11-2,TRBJ2-1,5,5,1,0.0,0.003968253968253968,1.244049060582388e-56,4,4,6,6
151,CASSPGTDNQPQHF,0.8768525779225776,0.8768525779225776,0.9860609054188334,0.9860609054188334,TRBV12-3,TRBJ1-5,26,37,TRBV12-3,TRBJ1-5,8,11,1,0.0,0.003968253968253968,1.244049060582388e-56,6,6,4,4
152,CASSPGTGTYGYTF,0.8768525779225776,0.8768525779225776,0.9860609054188334,0.9860609054188334,TRBV10-2,TRBJ1-2,24,31,TRBV10-2,TRBJ1-2,4,5,1,0.0,0.003968253968253968,1.244049060582388e-56,1,1,1,1
153,CASSYGQGGQPQHF,1.78743088851023,0.893715444255115,1.8514841920807548,0.9257420960403774,TRBV12-4,TRBJ1-5,16,15,TRBV12-4,TRBJ1-5,8,7,2,0.0,0.007936507936507936,7.8154117655793e-45,7,7,4,4
154,CASSPGLAADTQYF,0.951052041072539,0.951052041072539,0.8916486261467226,0.8916486261467226,TRBV11-2,TRBJ2-3,48,65,TRBV12-3,TRBJ2-3,20,17,1,0.0,0.005952380952380952,6.1613265886571734e-49,4,6,8,8
155,CASSFRGNEQFF,0.8559046268250895,0.8559046268250895,0.9192778910019939,0.9192778910019939,TRBV11-2,TRBJ2-1,42,52,TRBV11-2,TRBJ2-1,20,16,1,0.0,0.003968253968253968,1.244049060582388e-56,4,4,6,6
156,CASSLGGEQYF,0.8559046268250895,0.8559046268250895,0.9192778910019939,0.9192778910019939,TRBV12-3,TRBJ2-7,109,121,TRBV7-9,TRBJ2-7,39,26,1,0.0,0.003968253968253968,1.244049060582388e-56,6,26,11,11
157,CASSLGSGYNEQFF,0.9222482273438571,0.9222482273438571,0.8963219053974949,0.8963219053974949,TRBV11-2,TRBJ2-1,31,31,TRBV28,TRBJ2-1,6,5,1,0.0,0.003968253968253968,1.244049060582388e-56,4,16,6,6
158,CASSPLAGYNEQFF,0.9222482273438571,0.9222482273438571,0.8963219053974949,0.8963219053974949,TRBV11-2,TRBJ2-1,25,28,TRBV11-3,TRBJ2-1,8,7,1,0.0,0.003968253968253968,1.244049060582388e-56,4,5,6,6
159,CASRRDSQETQYF,0.918036803816906,0.918036803816906,0.9687136615029474,0.9687136615029474,TRBV12-3,TRBJ2-5,20,29,TRBV12-3,TRBJ2-5,9,9,1,0.0,0.003968253968253968,1.244049060582388e-56,6,6,9,9
160,CASSLGGSRETQYF,0.918036803816906,0.918036803816906,0.9687136615029474,0.9687136615029474,TRBV11-2,TRBJ2-5,30,26,TRBV11-2,TRBJ2-5,5,5,1,0.0,0.003968253968253968,1.244049060582388e-56,4,4,9,9
161,CASSLAGGLDTQYF,0.889514253061537,0.889514253061537,0.9371075183031762,0.9371075183031762,TRBV10-1,TRBJ2-3,25,28,TRBV12-3,TRBJ2-3,13,8,1,0.0,0.003968253968253968,1.244049060582388e-56,0,6,8,8
162,CASSLGTSGLYEQYF,0.889514253061537,0.889514253061537,0.9371075183031762,0.9371075183031762,TRBV11-2,TRBJ2-7,14,14,TRBV11-1,TRBJ2-7,8,5,1,0.0,0.003968253968253968,1.244049060582388e-56,4,3,11,11
163,CASSLEGPSYEQYF,0.9417394617946612,0.9417394617946612,0.939782013860016,0.939782013860016,TRBV11-1,TRBJ2-7,18,18,TRBV5-1,TRBJ2-7,6,7,1,0.0,0.003968253968253968,1.244049060582388e-56,3,21,11,11
164,CASSRQSTDTQYF,0.9417394617946612,0.9417394617946612,0.939782013860016,0.939782013860016,TRBV10-1,TRBJ2-3,34,46,TRBV12-3,TRBJ2-3,8,8,1,0.0,0.003968253968253968,1.244049060582388e-56,0,6,8,8
165,CASSLVDTGELFF,0.845153761257182,0.845153761257182,0.9303629988569927,0.9303629988569927,TRBV11-2,TRBJ2-2,22,59,TRBV11-2,TRBJ2-2,10,9,1,0.0,0.003968253968253968,1.244049060582388e-56,4,4,7,7
166,CSAPTSGTDTQYF,0.845153761257182,0.845153761257182,0.9303629988569927,0.9303629988569927,TRBV20-1,TRBJ2-3,10,20,TRBV20-1,TRBJ2-3,7,5,1,0.0,0.003968253968253968,1.244049060582388e-56,13,13,8,8
167,CASSLVTGQETQYF,0.8814851616098882,0.8814851616098882,0.9529344314985554,0.9529344314985554,TRBV5-1,TRBJ2-5,30,35,TRBV11-2,TRBJ2-5,5,5,1,0.0,0.003968253968253968,1.244049060582388e-56,21,4,9,9
168,CASSPGTENQPQHF,0.8814851616098882,0.8814851616098882,0.9529344314985554,0.9529344314985554,TRBV12-3,TRBJ1-5,15,23,TRBV18,TRBJ1-5,7,7,1,0.0,0.003968253968253968,1.244049060582388e-56,6,10,4,4
169,CASSAGLEETQYF,0.8507226587923056,0.8507226587923056,0.8909182349882551,0.8909182349882551,TRBV12-3,TRBJ2-5,8,8,TRBV5-1,TRBJ2-5,5,5,1,0.0,0.003968253968253968,1.244049060582388e-56,6,21,9,9
170,CASSLARGNTGELFF,0.8507226587923056,0.8507226587923056,0.8909182349882551,0.8909182349882551,TRBV11-2,TRBJ2-2,29,26,TRBV5-1,TRBJ2-2,4,5,1,0.0,0.003968253968253968,1.244049060582388e-56,4,21,7,7
171,CASSLTGDEQFF,0.8683533813111352,0.8683533813111352,0.9194971177695981,0.9194971177695981,TRBV10-2,TRBJ2-1,34,39,TRBV12-3,TRBJ2-1,7,6,1,0.0,0.003968253968253968,1.244049060582388e-56,1,6,6,6
172,CASSPGDNYGYTF,0.8683533813111352,0.8683533813111352,0.9194971177695981,0.9194971177695981,TRBV12-3,TRBJ1-2,17,22,TRBV11-2,TRBJ1-2,5,5,1,0.0,0.003968253968253968,1.244049060582388e-56,6,4,1,1
173,CASRVQETQYF,0.8439717911346459,0.8439717911346459,0.8966706116307464,0.8966706116307464,TRBV10-2,TRBJ2-5,14,33,TRBV12-4,TRBJ2-5,5,5,1,0.0,0.003968253968253968,1.244049060582388e-56,1,7,9,9
174,CASSLVRGNTEAFF,0.8439717911346459,0.8439717911346459,0.8966706116307464,0.8966706116307464,TRBV5-1,TRBJ1-1,42,45,TRBV11-1,TRBJ1-1,16,15,1,0.0,0.003968253968253968,1.244049060582388e-56,21,3,0,0
175,CASSLAESYEQYF,0.866110869034189,0.866110869034189,0.8692653820153581,0.8692653820153581,TRBV11-1,TRBJ2-7,37,38,TRBV12-3,TRBJ2-7,9,8,1,0.0,0.003968253968253968,1.244049060582388e-56,3,6,11,11
176,CASSQGVSTDTQYF,0.866110869034189,0.866110869034189,0.8692653820153581,0.8692653820153581,TRBV12-3,TRBJ2-3,22,27,TRBV4-2,TRBJ2-3,4,5,1,0.0,0.003968253968253968,1.244049060582388e-56,6,19,8,8
177,CASSFSSSYEQYF,0.8463443742272745,0.8463443742272745,0.8886641454330823,0.8886641454330823,TRBV11-1,TRBJ2-7,37,48,TRBV11-2,TRBJ2-7,6,6,1,0.0,0.003968253968253968,1.244049060582388e-56,3,4,11,11
178,CASSPGLNEKLFF,0.8463443742272745,0.8463443742272745,0.8886641454330823,0.8886641454330823,TRBV11-2,TRBJ1-4,33,30,TRBV11-2,TRBJ1-4,12,9,1,0.0,0.003968253968253968,1.244049060582388e-56,4,4,3,3
179,CASSLGGLEQYF,2.835374747975063,0.9451249159916877,2.727028089637498,0.9090093632124994,TRBV12-3,TRBJ2-7,24,25,TRBV11-2,TRBJ2-7,8,7,3,4.742933029785619e-05,0.012698412698412698,1.9440945522801168e-40,6,4,11,11
180,CASSLTSGITDTQYF,0.8898564412647704,0.8898564412647704,0.9265084522056735,0.9265084522056735,TRBV11-2,TRBJ2-3,14,19,TRBV12-3,TRBJ2-3,7,5,1,0.0,0.003968253968253968,1.244049060582388e-56,4,6,8,8
181,CASSRYNSPLHF,0.8898564412647704,0.8898564412647704,0.9265084522056735,0.9265084522056735,TRBV12-4,TRBJ1-6,6,10,TRBV14,TRBJ1-6,5,5,1,0.0,0.003968253968253968,1.244049060582388e-56,7,9,5,5
182,CASSLVQGGNSPLHF,2.852354905631709,0.9507849685439029,2.7420647214232385,0.9140215738077462,TRBV11-2,TRBJ1-6,12,12,TRBV12-3,TRBJ1-6,4,5,3,4.742933029785619e-05,0.012698412698412698,1.9440945522801168e-40,4,6,5,5
183,CASSLDGRAYEQYF,0.9512089960671478,0.9512089960671478,0.9846183683909973,0.9846183683909973,TRBV11-2,TRBJ2-7,12,15,TRBV28,TRBJ2-7,5,6,1,0.0,0.003968253968253968,1.244049060582388e-56,4,16,11,11
184,CASSPGLAGTQYF,0.9512089960671478,0.9512089960671478,0.9846183683909973,0.9846183683909973,TRBV12-3,TRBJ2-5,10,9,TRBV12-3,TRBJ2-3,5,5,1,0.0,0.003968253968253968,1.244049060582388e-56,6,6,9,8
185,CASSEGQPQHF,0.8602415121852292,0.8602415121852292,0.8992902659332972,0.8992902659332972,TRBV12-3,TRBJ1-5,8,17,TRBV12-3,TRBJ1-5,5,6,1,0.0,0.003968253968253968,1.244049060582388e-56,6,6,4,4
186,CASSPGTVSGANVLTF,0.8602415121852292,0.8602415121852292,0.8992902659332972,0.8992902659332972,TRBV12-3,TRBJ2-6,9,8,TRBV18,TRBJ2-6,6,7,1,0.0,0.003968253968253968,1.244049060582388e-56,6,10,10,10
187,CASSPRGGDTQYF,0.9627127630365935,0.9627127630365935,0.8995656992389045,0.8995656992389045,TRBV11-1,TRBJ2-3,36,31,TRBV18,TRBJ2-3,5,5,1,0.0,0.003968253968253968,1.244049060582388e-56,3,10,8,8
188,CASSRDSSTDTQYF,0.9627127630365935,0.9627127630365935,0.8995656992389045,0.8995656992389045,TRBV11-2,TRBJ2-3,54,63,TRBV10-1,TRBJ2-3,9,12,1,0.0,0.003968253968253968,1.244049060582388e-56,4,0,8,8
189,CASSLAQGYEQYF,0.941949667313279,0.941949667313279,0.9325191048372325,0.9325191048372325,TRBV5-1,TRBJ2-7,38,48,TRBV12-4,TRBJ2-7,15,15,1,0.0,0.003968253968253968,1.244049060582388e-56,21,7,11,11
190,CASSSPGTGTYEQYF,0.941949667313279,0.941949667313279,0.9325191048372325,0.9325191048372325,TRBV11-2,TRBJ2-7,15,19,TRBV27,TRBJ2-7,5,5,1,0.0,0.003968253968253968,1.244049060582388e-56,4,15,11,11
191,CASSGTGITEAFF,0.9451391781167412,0.9451391781167412,0.8711366104277102,0.8711366104277102,TRBV25-1,TRBJ1-1,7,8,TRBV12-4,TRBJ1-1,6,5,1,0.0,0.003968253968253968,1.244049060582388e-56,14,7,0,0
192,CASSSTQETQYF,0.9451391781167412,0.9451391781167412,0.8711366104277102,0.8711366104277102,TRBV10-2,TRBJ2-5,26,34,TRBV19,TRBJ2-5,11,11,1,0.0,0.003968253968253968,1.244049060582388e-56,1,11,9,9
193,CASSIGETQYF,0.8527270039227824,0.8527270039227824,0.8855571316045754,0.8855571316045754,TRBV19,TRBJ2-5,27,67,TRBV19,TRBJ2-5,13,14,1,0.0,0.003968253968253968,1.244049060582388e-56,11,11,9,9
194,CASSLGDRDTGELFF,0.8527270039227824,0.8527270039227824,0.8855571316045754,0.8855571316045754,TRBV12-3,TRBJ2-2,20,29,TRBV11-2,TRBJ2-2,6,7,1,0.0,0.003968253968253968,1.244049060582388e-56,6,4,7,7
195,CASSQDRGPYEQYF,0.9333729665916903,0.9333729665916903,0.9004649120597218,0.9004649120597218,TRBV4-3,TRBJ2-7,41,49,TRBV2,TRBJ2-7,6,8,1,0.0,0.003968253968253968,1.244049060582388e-56,20,12,11,11
196,CASSSTSGGQETQYF,0.9333729665916903,0.9333729665916903,0.9004649120597218,0.9004649120597218,TRBV12-3,TRBJ2-5,14,26,TRBV11-2,TRBJ2-5,5,5,1,0.0,0.003968253968253968,1.244049060582388e-56,6,4,9,9
197,CASSSGSQPQHF,0.9353248473645464,0.9353248473645464,0.9605301357895504,0.9605301357895504,TRBV11-2,TRBJ1-5,17,17,TRBV11-2,TRBJ1-5,5,6,1,0.0,0.003968253968253968,1.244049060582388e-56,4,4,4,4
198,CASSYTGSGANVLTF,0.9353248473645464,0.9353248473645464,0.9605301357895504,0.9605301357895504,TRBV12-4,TRBJ2-6,12,13,TRBV28,TRBJ2-6,7,7,1,0.0,0.003968253968253968,1.244049060582388e-56,7,16,10,10
199,CASSEQGTGELFF,0.8830252543525111,0.8830252543525111,0.8676125667170081,0.8676125667170081,TRBV10-2,TRBJ2-2,18,32,TRBV10-2,TRBJ2-2,6,8,1,0.0,0.007142857142857142,1.1680828398635198e-47,1,1,7,7
200,CASSAGLAGYEQYF,0.9750722287836716,0.9750722287836716,0.8921621142110199,0.8921621142110199,TRBV3-1,TRBJ2-7,22,20,TRBV10-1,TRBJ2-7,5,5,1,0.0,0.003968253968253968,1.244049060582388e-56,17,0,11,11
201,CASSLRGTDTQYF,0.9750722287836716,0.9750722287836716,0.8921621142110199,0.8921621142110199,TRBV12-3,TRBJ2-3,109,114,TRBV10-2,TRBJ2-3,30,20,1,0.0,0.003968253968253968,1.244049060582388e-56,6,1,8,8
202,CASSGYGYTF,0.8554144241943168,0.8554144241943168,0.8910315242532215,0.8910315242532215,TRBV11-2,TRBJ1-2,9,24,TRBV18,TRBJ1-2,7,8,1,0.0,0.003968253968253968,1.244049060582388e-56,4,10,1,1
203,CASSMTGDEQYF,0.8554144241943168,0.8554144241943168,0.8910315242532215,0.8910315242532215,TRBV18,TRBJ2-7,5,5,TRBV10-2,TRBJ2-7,4,5,1,0.0,0.003968253968253968,1.244049060582388e-56,10,1,11,11
204,CASSQEYGYTF,1.8200934648498381,0.9100467324249191,1.832354081962281,0.9161770409811405,TRBV12-3,TRBJ1-2,8,16,TRBV2,TRBJ1-2,4,5,2,0.0,0.007936507936507936,7.8154117655793e-45,6,12,1,1
205,CASSLGQLNTEAFF,0.9110169433603423,0.9110169433603423,0.9776797653121716,0.9776797653121716,TRBV11-1,TRBJ1-1,113,104,TRBV11-2,TRBJ1-1,33,23,1,0.0,0.003968253968253968,1.244049060582388e-56,3,4,0,0
206,CASSQGTSGTDTQYF,0.9110169433603423,0.9110169433603423,0.9776797653121716,0.9776797653121716,TRBV3-1,TRBJ2-3,15,26,TRBV11-2,TRBJ2-3,8,9,1,0.0,0.003968253968253968,1.244049060582388e-56,17,4,8,8
207,CASSLLARETQYF,0.8572056625842385,0.8572056625842385,0.87943137818255,0.87943137818255,TRBV11-2,TRBJ2-5,19,19,TRBV12-3,TRBJ2-5,5,5,1,0.0,0.003968253968253968,1.244049060582388e-56,4,6,9,9
208,CASSLLLAGGTDTQYF,0.8572056625842385,0.8572056625842385,0.87943137818255,0.87943137818255,TRBV27,TRBJ2-3,12,11,TRBV13,TRBJ2-3,6,5,1,0.0,0.003968253968253968,1.244049060582388e-56,15,8,8,8
209,CASSLVQGPYEQYF,0.9217728482064425,0.9217728482064425,0.9310361259221258,0.9310361259221258,TRBV11-2,TRBJ2-7,29,30,TRBV12-3,TRBJ2-7,9,9,1,0.0,0.003968253968253968,1.244049060582388e-56,4,6,11,11
210,CASSPGTPDTQYF,0.9217728482064425,0.9217728482064425,0.9310361259221258,0.9310361259221258,TRBV12-4,TRBJ2-3,17,16,TRBV12-3,TRBJ2-3,5,5,1,0.0,0.003968253968253968,1.244049060582388e-56,7,6,8,8
211,CASSVGDQPQHF,1.7995959699493254,0.8997979849746627,1.876243759682413,0.9381218798412065,TRBV10-2,TRBJ1-5,12,15,TRBV10-2,TRBJ1-5,6,6,2,0.0,0.010582010582010581,1.5670635299088772e-40,1,1,4,4
212,CASSLGTDTGELFF,0.8437808386330923,0.8437808386330923,0.8828301368672196,0.8828301368672196,TRBV11-3,TRBJ2-2,34,39,TRBV12-3,TRBJ2-2,5,5,1,0.0,0.003968253968253968,1.244049060582388e-56,5,6,7,7
213,CASSPSGMNTEAFF,0.8437808386330923,0.8437808386330923,0.8828301368672196,0.8828301368672196,TRBV12-3,TRBJ1-1,12,13,TRBV12-3,TRBJ1-1,6,5,1,0.0,0.003968253968253968,1.244049060582388e-56,6,6,0,0
214,CASSLGAEQYF,0.8691450830785326,0.8691450830785326,0.8733699326476364,0.8733699326476364,TRBV10-1,TRBJ2-7,24,38,TRBV12-4,TRBJ2-7,9,7,1,0.0,0.011904761904761904,3.5513177162765445e-29,0,7,11,11
215,CASSLAGGPTDTQYF,0.9440635012720877,0.9440635012720877,0.9090519504163711,0.9090519504163711,TRBV11-2,TRBJ2-3,88,83,TRBV11-2,TRBJ2-3,24,19,1,0.0,0.003968253968253968,1.244049060582388e-56,4,4,8,8
216,CSASGGNYGYTF,0.9440635012720877,0.9440635012720877,0.9090519504163711,0.9090519504163711,TRBV20-1,TRBJ1-2,17,19,TRBV20-1,TRBJ1-2,10,8,1,0.0,0.003968253968253968,1.244049060582388e-56,13,13,1,1
217,CASSLEQGSYEQYF,0.8590362347242078,0.8590362347242078,0.9429648196899498,0.9429648196899498,TRBV11-2,TRBJ2-7,24,32,TRBV5-1,TRBJ2-7,9,9,1,0.0,0.003968253968253968,1.244049060582388e-56,4,21,11,11
218,CASSSRQGYNEQFF,0.8590362347242078,0.8590362347242078,0.9429648196899498,0.9429648196899498,TRBV11-2,TRBJ2-1,18,15,TRBV5-1,TRBJ2-1,5,5,1,0.0,0.003968253968253968,1.244049060582388e-56,4,21,6,6
219,CASSLAPGSYNEQFF,0.9291204709736083,0.9291204709736083,0.8819879629706406,0.8819879629706406,TRBV12-4,TRBJ2-1,27,26,TRBV11-2,TRBJ2-1,12,9,1,0.0,0.003968253968253968,1.244049060582388e-56,7,4,6,6
220,CASSLGGRGEQYF,0.9291204709736083,0.9291204709736083,0.8819879629706406,0.8819879629706406,TRBV11-3,TRBJ2-7,18,16,TRBV12-3,TRBJ2-7,6,5,1,0.0,0.003968253968253968,1.244049060582388e-56,5,6,11,11
221,CASSQDLAGGYNEQFF,0.855445370627991,0.855445370627991,0.9695277165110165,0.9695277165110165,TRBV3-1,TRBJ2-1,19,18,TRBV3-1,TRBJ2-1,5,5,1,0.0,0.005291005291005291,3.1844131422901324e-51,17,17,6,6
222,CASSSGQGYNEQFF,0.844869553718972,0.844869553718972,0.9121393373803962,0.9121393373803962,TRBV10-1,TRBJ2-1,36,48,TRBV12-4,TRBJ2-1,9,9,1,0.0,0.009070294784580497,6.358881531338834e-42,0,7,6,6
223,CASSFSDEQYF,0.8602070375152002,0.8602070375152002,0.9172046801476152,0.9172046801476152,TRBV11-2,TRBJ2-7,14,15,TRBV12-3,TRBJ2-7,5,6,1,0.0,0.003968253968253968,1.244049060582388e-56,4,6,11,11
224,CASSLAGGPYEQYF,0.8602070375152002,0.8602070375152002,0.9172046801476152,0.9172046801476152,TRBV12-3,TRBJ2-7,129,112,TRBV11-2,TRBJ2-7,42,26,1,0.0,0.003968253968253968,1.244049060582388e-56,6,4,11,11
225,CASSLDSSGNTIYF,0.9090744037980849,0.9090744037980849,0.939286203650092,0.939286203650092,TRBV11-2,TRBJ1-3,29,66,TRBV12-3,TRBJ1-3,16,22,1,0.0,0.003968253968253968,1.244049060582388e-56,4,6,2,2
226,CASSLRRDNEQFF,0.9090744037980849,0.9090744037980849,0.939286203650092,0.939286203650092,TRBV11-2,TRBJ2-1,11,11,TRBV27,TRBJ2-1,5,5,1,0.0,0.003968253968253968,1.244049060582388e-56,4,15,6,6
227,CASRGLAGSTDTQYF,0.8496048173253442,0.8496048173253442,0.965879633771093,0.965879633771093,TRBV12-3,TRBJ2-3,17,24,TRBV12-4,TRBJ2-3,5,5,1,0.0,0.003968253968253968,1.244049060582388e-56,6,7,8,8
228,CASSLRGYTEAFF,0.8496048173253442,0.8496048173253442,0.965879633771093,0.965879633771093,TRBV11-3,TRBJ1-1,23,30,TRBV12-3,TRBJ1-1,10,9,1,0.0,0.003968253968253968,1.244049060582388e-56,5,6,0,0
229,CASSLDGLNTGELFF,0.9109781572249747,0.9109781572249747,0.9726061873520635,0.9726061873520635,TRBV11-2,TRBJ2-2,9,9,TRBV11-3,TRBJ2-2,6,5,1,0.0,0.003968253968253968,1.244049060582388e-56,4,5,7,7
230,CASSSTGSYGYTF,0.9109781572249747,0.9109781572249747,0.9726061873520635,0.9726061873520635,TRBV12-3,TRBJ1-2,27,29,TRBV3-1,TRBJ1-2,8,7,1,0.0,0.003968253968253968,1.244049060582388e-56,6,17,1,1
231,CASSPGGPDTQYF,0.8622149795279045,0.8622149795279045,0.9028962470001319,0.9028962470001319,TRBV11-2,TRBJ2-3,29,30,TRBV11-3,TRBJ2-3,8,8,1,0.0,0.003968253968253968,1.244049060582388e-56,4,5,8,8
232,CASSQVRGNTEAFF,0.8622149795279045,0.8622149795279045,0.9028962470001319,0.9028962470001319,TRBV14,TRBJ1-1,17,20,TRBV14,TRBJ1-1,8,6,1,0.0,0.003968253968253968,1.244049060582388e-56,9,9,0,0
233,CASSLGQGNTIYF,0.8489531490459088,0.8489531490459088,0.9259293142940473,0.9259293142940473,TRBV11-2,TRBJ1-3,32,46,TRBV11-2,TRBJ1-3,9,11,1,0.0,0.003968253968253968,1.244049060582388e-56,4,4,2,2
234,CASSLTVNYGYTF,0.8489531490459088,0.8489531490459088,0.9259293142940473,0.9259293142940473,TRBV11-2,TRBJ1-2,33,42,TRBV11-2,TRBJ1-2,9,8,1,0.0,0.003968253968253968,1.244049060582388e-56,4,4,1,1
235,CASSGGTSTDTQYF,0.9119037907619654,0.9119037907619654,0.965928526833544,0.965928526833544,TRBV10-1,TRBJ2-3,26,27,TRBV11-2,TRBJ2-3,9,9,1,0.0,0.003968253968253968,1.244049060582388e-56,0,4,8,8
236,CASSREGETQYF,0.9119037907619654,0.9119037907619654,0.965928526833544,0.965928526833544,TRBV10-3,TRBJ2-5,23,23,TRBV11-2,TRBJ2-5,11,9,1,0.0,0.003968253968253968,1.244049060582388e-56,2,4,9,9
237,CASSLNFYEQYF,0.8537097309135079,0.8537097309135079,0.9238074788857304,0.9238074788857304,TRBV11-2,TRBJ2-7,13,16,TRBV28,TRBJ2-7,5,5,1,0.0,0.003968253968253968,1.244049060582388e-56,4,16,11,11
238,CASSRDRGNEKLFF,0.8537097309135079,0.8537097309135079,0.9238074788857304,0.9238074788857304,TRBV11-2,TRBJ1-4,36,43,TRBV11-2,TRBJ1-4,6,6,1,0.0,0.003968253968253968,1.244049060582388e-56,4,4,3,3
239,CASSFSPSTDTQYF,0.9990063752331396,0.9990063752331396,0.894200360115594,0.894200360115594,TRBV11-2,TRBJ2-3,13,12,TRBV11-3,TRBJ2-3,8,7,1,0.0,0.003968253968253968,1.244049060582388e-56,4,5,8,8
240,CASSQTNYGYTF,0.9990063752331396,0.9990063752331396,0.894200360115594,0.894200360115594,TRBV12-3,TRBJ1-2,18,41,TRBV11-2,TRBJ1-2,7,9,1,0.0,0.003968253968253968,1.244049060582388e-56,6,4,1,1
241,CASSLGQGGSPLHF,0.9977542221528185,0.9977542221528185,0.9795253034276876,0.9795253034276876,TRBV7-8,TRBJ1-6,74,64,TRBV12-3,TRBJ1-6,9,6,1,0.0,0.003968253968253968,1.244049060582388e-56,25,6,5,5
242,CASSPGASYEQYF,0.9977542221528185,0.9977542221528185,0.9795253034276876,0.9795253034276876,TRBV11-2,TRBJ2-7,48,55,TRBV10-2,TRBJ2-7,9,7,1,0.0,0.003968253968253968,1.244049060582388e-56,4,1,11,11
243,CASSRLGETQYF,0.8752835357325754,0.8752835357325754,0.9424597394878266,0.9424597394878266,TRBV11-2,TRBJ2-5,50,40,TRBV11-2,TRBJ2-5,6,6,1,0.0,0.003968253968253968,1.244049060582388e-56,4,4,9,9
244,CASTGSTDTQYF,0.8752835357325754,0.8752835357325754,0.9424597394878266,0.9424597394878266,TRBV10-3,TRBJ2-3,25,39,TRBV12-3,TRBJ2-3,6,5,1,0.0,0.003968253968253968,1.244049060582388e-56,2,6,8,8
245,CASSLWGGGTDTQYF,0.8770437388260116,0.8770437388260116,0.9186005793416457,0.9186005793416457,TRBV11-2,TRBJ2-3,15,18,TRBV11-2,TRBJ2-3,6,6,1,0.0,0.007142857142857142,1.1680828398635198e-47,4,4,8,8
246,CASSLAGPYGYTF,0.9010492599283053,0.9010492599283053,0.959640618168142,0.959640618168142,TRBV12-3,TRBJ1-2,22,20,TRBV12-3,TRBJ1-2,7,6,1,0.0,0.003968253968253968,1.244049060582388e-56,6,6,1,1
247,CASSPGTGSTDTQYF,0.9010492599283053,0.9010492599283053,0.959640618168142,0.959640618168142,TRBV11-3,TRBJ2-3,51,56,TRBV11-2,TRBJ2-3,14,11,1,0.0,0.003968253968253968,1.244049060582388e-56,5,4,8,8
248,CASSLSGQQETQYF,0.9769822454435377,0.9769822454435377,0.923305169063954,0.923305169063954,TRBV11-2,TRBJ2-5,16,18,TRBV18,TRBJ2-5,7,7,1,0.0,0.005952380952380952,6.1613265886571734e-49,4,10,9,9
249,CASSLEQETQYF,0.8627532208059595,0.8627532208059595,0.8856534348961372,0.8856534348961372,TRBV11-2,TRBJ2-5,28,60,TRBV11-2,TRBJ2-5,8,9,1,0.0,0.003968253968253968,1.244049060582388e-56,4,4,9,9
250,CASSSQANYGYTF,0.8627532208059595,0.8627532208059595,0.8856534348961372,0.8856534348961372,TRBV12-3,TRBJ1-2,9,9,TRBV11-2,TRBJ1-2,5,6,1,0.0,0.003968253968253968,1.244049060582388e-56,6,4,1,1
251,CASSLDSNEKLFF,0.8515926755088721,0.8515926755088721,0.8908867660826362,0.8908867660826362,TRBV11-2,TRBJ1-4,21,25,TRBV12-3,TRBJ1-4,6,7,1,0.0,0.003968253968253968,1.244049060582388e-56,4,6,3,3
252,CASSPSVYEQYF,0.8515926755088721,0.8515926755088721,0.8908867660826362,0.8908867660826362,TRBV12-3,TRBJ2-7,18,18,TRBV12-3,TRBJ2-7,7,7,1,0.0,0.003968253968253968,1.244049060582388e-56,6,6,11,11
