,graph_name,degree_top_1,degree_top_2,degree_top_3,degree_top_4,degree_top_5,degree_top_6,degree_top_7,degree_top_8,degree_top_9,degree_top_10,closeness_top_1,closeness_top_2,closeness_top_3,closeness_top_4,closeness_top_5,closeness_top_6,closeness_top_7,closeness_top_8,closeness_top_9,closeness_top_10,eigenvector_top_1,eigenvector_top_2,eigenvector_top_3,eigenvector_top_4,eigenvector_top_5,eigenvector_top_6,eigenvector_top_7,eigenvector_top_8,eigenvector_top_9,eigenvector_top_10,pagerank_top_1,pagerank_top_2,pagerank_top_3,pagerank_top_4,pagerank_top_5,pagerank_top_6,pagerank_top_7,pagerank_top_8,pagerank_top_9,pagerank_top_10,clustering_top_1,clustering_top_2,clustering_top_3,clustering_top_4,clustering_top_5,clustering_top_6,clustering_top_7,clustering_top_8,clustering_top_9,clustering_top_10
0,3_A_B_OC,0,0,0,0,1,0,0,1,1,1,1,1,0,1,1,1,0,0,0,0,0,0,0,0,1,1,1,0,0,0,1,1,1,1,1,1,1,0,1,0,1,0,0,0,1,0,1,1,1,1
1,7_nd_A_B_H,0,0,1,1,1,0,1,1,1,1,1,1,1,1,0,1,1,1,1,1,0,0,1,1,1,1,0,0,0,1,1,1,1,1,1,1,0,1,0,1,1,0,0,0,1,0,1,1,0,1
2,38_A_B_H,0,1,0,1,1,1,1,1,1,1,0,0,0,0,1,0,1,0,1,0,0,1,1,0,1,1,0,0,0,0,0,0,0,0,1,1,0,0,1,0,1,0,1,0,1,1,1,0,1,0
3,14_nd_A_B_H,1,0,1,1,1,1,0,1,0,1,1,1,1,0,1,1,1,1,0,0,1,0,1,1,1,1,0,1,0,0,1,1,1,1,1,0,1,0,0,0,1,1,1,0,1,0,0,1,0,1
4,32_A_B_OC,0,1,1,1,1,0,0,0,0,0,1,1,1,1,0,1,1,0,0,1,0,1,1,1,0,0,1,0,0,0,1,1,1,1,1,0,1,0,0,1,1,0,0,1,0,1,0,1,1,1
5,1_A_B_OC,1,0,0,0,1,1,1,1,0,0,0,1,1,0,0,0,0,1,0,1,1,0,0,0,0,1,0,0,0,0,0,1,1,1,1,0,1,0,0,1,1,1,1,1,1,1,0,1,1,1
6,13_nd_A_B_OC,1,0,0,1,0,1,0,1,1,0,1,1,0,1,1,1,1,0,1,1,1,0,1,1,0,1,1,0,1,0,1,1,1,1,0,1,0,1,0,1,0,1,1,0,0,0,1,1,0,1
7,10_nd_A_B_OC,1,1,0,0,1,1,1,0,0,1,1,1,1,0,1,1,0,1,1,0,1,1,0,0,1,0,0,1,0,0,1,1,1,1,1,0,0,1,1,0,1,1,1,0,1,1,0,1,0,1
8,7_nh_A_B_H,0,1,0,0,1,1,0,0,1,1,1,1,1,1,0,0,0,1,1,0,0,1,0,1,1,0,0,1,0,0,1,1,0,1,1,1,1,1,1,0,1,0,1,0,0,0,1,1,1,0
9,40_A_B_H,1,1,0,0,1,1,1,1,1,1,0,1,0,0,1,0,1,0,1,1,1,1,0,0,1,1,1,0,1,1,0,1,1,0,1,1,1,0,0,1,1,1,1,0,1,1,1,0,1,1
10,37_A_B_H,1,1,0,1,0,0,0,1,1,0,1,0,0,0,1,1,1,0,1,0,1,1,1,1,0,1,1,1,1,1,1,0,1,1,0,1,1,1,1,0,0,1,0,0,1,1,1,1,0,1
11,11_nd_A_B_H,0,0,0,0,1,1,1,1,1,0,1,1,1,0,0,1,1,0,1,1,0,0,0,0,0,1,0,1,1,0,1,1,1,1,1,1,1,1,0,1,1,0,1,1,1,1,1,1,1,1
12,43_A_B_H,1,1,1,1,1,1,1,1,1,0,1,1,1,0,0,1,1,0,0,0,1,1,1,1,0,1,1,1,0,1,1,1,1,1,1,1,1,0,0,0,1,1,1,1,1,1,1,1,1,1
13,18_nd_A_B_H,1,1,1,1,1,1,1,1,1,1,0,1,1,1,0,0,0,1,0,1,1,1,1,0,1,1,1,0,0,0,0,1,0,1,1,1,1,1,0,1,1,1,1,1,1,0,1,1,1,0
14,14_A_B_OC,1,1,1,0,1,1,0,0,1,1,1,1,1,1,1,0,1,1,0,1,1,1,0,0,1,0,0,0,0,0,1,1,1,1,1,1,0,1,0,1,1,1,1,1,0,0,1,1,1,1
15,10_A_B_OC,0,0,0,0,0,0,0,1,1,1,0,1,0,0,1,0,0,1,1,0,0,0,0,1,1,1,0,0,0,0,0,1,1,1,0,1,1,0,1,0,0,0,0,1,1,1,1,1,1,1
16,11_nh_A_B_H,1,0,1,0,1,1,1,1,1,0,1,1,1,1,0,0,0,1,0,0,1,0,0,0,0,1,0,1,1,0,1,1,0,1,1,1,0,1,0,0,1,1,1,0,1,1,1,1,0,0
17,2_A_B_H,1,0,0,0,1,1,1,0,1,0,1,1,1,0,1,0,0,0,0,0,1,0,0,0,0,0,0,0,0,0,1,1,0,0,1,1,0,0,1,0,1,1,1,0,0,0,1,0,0,0
18,7_nd_A_B_OC,0,0,1,0,1,0,0,0,0,0,1,0,1,0,0,1,1,1,0,1,0,0,0,0,0,0,0,0,0,1,1,0,0,0,1,0,0,0,0,1,1,0,0,1,1,1,0,0,0,0
19,4_nd_A_B_H,1,1,0,0,1,1,1,1,1,0,1,1,1,0,1,0,1,0,1,1,1,1,0,0,0,1,0,0,1,1,1,1,0,1,1,1,0,0,1,1,1,1,1,0,1,1,1,1,1,0
20,10_nh_A_B_H,0,1,0,1,1,1,1,1,1,1,0,1,1,1,1,0,1,1,0,0,0,1,1,0,1,1,0,1,1,1,0,1,1,0,1,1,1,1,1,0,1,0,1,0,0,0,1,0,0,1
21,3_A_B_H,0,1,1,0,1,1,0,1,0,0,1,1,1,1,0,1,1,0,0,0,0,1,0,0,0,1,1,1,1,0,1,1,1,1,1,0,1,1,1,0,1,0,1,0,1,0,0,1,0,1
22,40_A_B_OC,1,0,1,1,0,0,0,1,0,1,1,0,1,1,1,1,1,0,1,1,1,0,1,1,1,1,1,1,0,0,1,0,1,0,0,0,0,1,1,1,0,1,0,1,1,0,0,0,1,1
23,35_A_B_H,0,1,0,1,1,1,0,0,1,0,1,1,1,0,0,1,0,1,0,0,0,1,1,0,0,0,0,0,1,0,1,1,1,1,1,1,0,0,1,0,1,0,1,1,1,1,1,1,1,1
24,48_A_B_H,1,0,1,0,1,1,1,1,1,0,1,0,1,1,0,0,1,1,0,1,1,0,0,1,0,1,1,0,1,0,1,0,1,1,1,1,1,0,0,1,1,1,1,1,1,1,1,1,1,1
25,8_nh_A_B_H,1,1,0,1,1,0,0,1,1,0,1,1,0,1,1,1,0,1,0,1,1,1,1,0,0,1,0,1,1,0,1,1,0,1,1,1,1,1,0,1,1,1,0,1,0,0,1,1,1,0
26,25_A_B_H,1,1,0,1,0,1,1,0,1,1,0,1,0,1,1,1,0,0,0,1,1,1,1,0,1,0,1,0,1,0,0,1,1,0,0,1,1,0,0,1,0,1,1,1,1,1,1,0,1,1
27,21_A_B_OC,0,1,1,0,1,1,1,0,1,0,1,0,1,1,1,1,1,1,0,1,0,1,0,1,0,0,0,0,1,1,1,0,1,1,1,1,1,1,0,1,1,0,1,1,1,1,1,1,1,1
28,21_nd_A_B_OC,0,0,1,0,1,0,0,0,0,0,0,1,0,0,0,0,0,0,0,0,0,0,0,0,0,0,0,0,0,0,0,1,0,0,1,0,1,0,0,0,1,0,0,0,0,0,0,0,0,0
29,2_nd_A_B_OC,0,1,0,1,1,0,0,0,0,1,1,0,1,0,0,1,1,1,0,0,0,1,1,0,1,0,0,1,0,0,1,0,0,1,1,0,1,1,1,0,1,0,0,0,1,0,0,1,1,0
30,21_nd_A_B_H,0,1,1,1,1,1,1,0,1,0,1,0,0,1,1,0,1,0,0,0,0,1,1,1,0,0,0,0,0,0,1,0,0,1,1,1,1,1,0,0,1,0,1,1,1,0,1,1,1,0
31,6_A_B_H,1,1,1,1,1,1,1,1,1,0,1,1,0,1,1,0,1,0,0,0,1,1,1,1,0,1,0,0,0,0,1,1,1,1,1,1,1,0,0,0,1,1,1,0,1,1,1,1,1,1
32,25_nd_A_B_H,0,1,0,1,0,0,0,0,1,0,1,1,0,0,0,1,0,0,0,1,0,1,1,0,0,0,0,0,0,0,1,1,1,0,0,1,0,1,0,1,0,0,0,0,0,0,1,0,0,1
33,46_A_B_H,0,1,1,1,1,1,1,0,1,1,1,1,0,1,0,0,0,0,0,1,0,1,1,0,1,0,0,1,0,1,1,1,1,1,1,1,1,1,0,1,1,0,1,0,1,1,1,1,1,1
34,47_A_B_H,0,1,1,0,0,1,1,1,1,0,1,1,0,0,1,1,0,0,0,1,0,1,0,0,0,1,0,0,1,0,1,1,1,1,0,1,1,1,1,1,0,0,1,1,1,1,1,1,1,1
35,13_nh_A_B_H,1,0,0,0,0,1,0,1,0,0,1,1,1,1,1,1,1,1,1,1,1,0,0,0,0,1,0,0,1,0,1,1,0,1,0,0,0,0,1,1,0,1,1,0,1,1,0,1,1,0
36,41_A_B_OC,1,0,1,0,1,0,0,0,0,0,1,1,0,0,0,1,1,1,1,0,1,0,0,1,0,0,0,0,0,0,1,1,1,0,1,0,1,0,0,0,1,1,0,0,1,1,0,0,0,1
37,14_A_B_H,1,1,1,0,1,1,1,0,0,1,1,1,1,1,0,1,1,1,1,1,1,1,0,1,1,0,1,0,0,0,1,1,1,0,1,0,1,0,1,1,1,1,1,0,1,1,0,0,1,1
38,41_A_B_H,1,0,1,1,1,1,1,1,1,1,1,1,0,0,0,1,1,0,0,0,1,0,1,1,1,1,0,1,1,1,1,1,1,1,1,1,0,0,0,0,1,1,1,1,1,1,1,1,1,1
39,10_nd_A_B_H,1,0,1,0,1,1,1,1,1,0,0,0,0,0,0,1,1,0,0,0,1,0,0,1,0,1,1,0,1,1,0,0,0,0,1,1,1,0,1,0,1,1,1,1,1,1,1,0,0,0
40,29_A_B_H,1,1,1,1,0,1,1,1,1,0,0,0,1,0,1,1,1,0,0,0,1,1,1,1,0,1,1,1,0,0,0,0,1,1,0,1,1,1,0,0,0,1,1,0,1,1,1,1,1,1
41,4_A_B_H,1,0,0,1,1,1,1,0,0,0,0,1,0,0,1,0,1,0,0,1,1,0,1,0,0,0,0,1,1,1,0,1,0,1,1,0,1,1,0,1,1,1,1,0,1,1,0,1,0,0
42,24_nh_A_B_H,1,0,0,0,1,1,1,0,1,0,1,1,1,1,1,1,0,0,0,1,1,0,0,0,0,0,0,0,1,0,1,1,0,1,1,1,0,1,0,1,1,1,1,1,0,0,1,1,1,0
43,23_nd_A_B_H,0,1,0,1,0,1,0,1,0,0,0,1,1,1,0,1,0,0,0,0,0,1,1,0,0,1,0,1,0,0,0,1,1,0,0,0,1,0,0,0,0,0,1,0,0,0,0,0,1,1
44,15_A_B_OC,1,0,0,1,0,0,0,0,1,0,1,0,0,1,0,0,1,0,0,1,1,0,1,0,0,0,0,0,0,1,1,0,1,0,0,1,1,0,1,1,0,1,0,1,0,0,1,0,0,1
45,5_nd_A_B_OC,1,0,0,1,1,1,1,1,1,1,1,0,1,0,0,1,1,1,0,0,1,0,1,0,1,1,1,0,0,0,1,0,1,1,1,1,0,0,0,0,1,1,1,1,1,1,1,1,1,1
46,4_A_B_OC,0,0,1,1,1,1,1,0,1,0,1,1,0,0,0,0,0,0,0,1,0,0,1,0,0,0,0,0,0,0,1,1,1,1,1,1,0,0,0,1,1,0,1,1,0,0,1,1,0,1
47,5_nd_A_B_H,0,0,0,0,0,1,1,0,0,0,1,0,0,1,1,0,1,1,0,0,0,0,0,1,0,0,0,0,0,0,1,0,1,0,0,0,0,0,0,0,0,0,1,1,1,1,0,0,0,1
48,38_A_B_OC,1,1,0,1,0,0,0,1,1,1,0,1,0,1,1,1,0,1,1,1,1,1,1,0,1,1,0,1,0,0,0,1,0,0,0,1,0,0,1,1,0,1,0,1,1,1,1,0,1,0
49,4_nd_A_B_OC,1,0,1,0,1,0,1,1,1,0,1,0,0,0,0,1,1,0,0,0,1,0,0,0,0,1,1,0,0,1,1,0,1,1,1,1,1,0,1,0,1,1,0,1,1,1,1,1,1,1
50,19_nd_A_B_H,0,0,0,1,0,1,1,1,0,0,1,1,1,0,0,0,1,1,0,1,0,0,1,0,0,1,1,0,0,0,1,1,1,0,0,0,0,1,1,1,0,0,1,1,1,0,0,0,0,1
51,17_nd_A_B_H,0,1,0,0,1,1,1,0,0,0,0,1,1,0,0,1,1,1,0,1,0,1,0,1,0,0,0,1,0,1,0,1,1,1,1,0,1,1,1,1,1,0,1,1,1,1,0,1,1,1
52,12_A_B_H,1,1,0,0,0,1,0,1,1,1,1,0,0,1,0,1,1,0,0,0,1,1,0,0,1,1,0,1,1,1,1,0,1,1,0,1,1,1,0,0,0,1,1,1,1,1,1,1,1,1
53,2_A_B_OC,0,0,0,0,1,1,0,1,1,0,1,0,1,0,0,0,1,0,0,0,0,0,0,0,0,1,1,0,0,0,1,0,1,0,1,1,0,0,1,0,1,0,1,1,0,0,1,0,1,1
54,45_A_B_OC,1,1,1,1,1,1,0,0,0,1,1,1,1,1,1,0,1,1,0,0,1,1,1,1,1,0,0,0,0,1,1,1,1,1,1,0,0,0,0,0,1,1,1,1,0,0,0,1,0,1
55,7_A_B_OC,0,1,0,0,0,1,0,0,1,1,0,0,1,1,1,0,0,0,0,1,0,1,0,1,1,0,1,0,0,0,0,0,0,1,0,1,0,1,1,1,0,0,1,0,0,1,1,1,1,0
56,6_A_B_OC,1,0,0,1,1,0,0,1,1,0,1,0,0,0,0,1,1,1,0,1,1,0,1,0,0,1,0,0,0,0,1,0,0,1,1,1,1,0,0,1,1,1,0,0,1,0,1,1,0,0
57,9_A_B_H,1,1,1,0,1,1,1,0,1,1,1,1,1,1,1,1,0,0,0,1,1,1,0,1,1,0,0,0,0,0,1,1,1,1,1,1,1,1,1,1,1,1,1,1,1,1,1,1,1,1
58,9_nd_A_B_OC,0,1,0,1,1,1,0,0,0,0,1,1,0,0,1,0,0,1,1,0,0,1,1,0,0,0,1,0,0,0,1,1,1,1,1,0,1,0,1,0,1,0,1,1,1,0,0,1,1,1
59,5_A_B_OC,1,0,1,0,1,0,1,0,1,1,1,0,0,1,0,1,1,1,1,0,1,0,0,0,1,0,1,0,1,0,1,0,1,1,1,1,1,0,0,0,1,1,0,1,0,1,1,1,1,1
60,19_A_B_OC,0,1,0,1,1,1,1,1,1,1,0,0,1,0,1,1,0,1,0,1,0,1,1,1,1,1,1,1,1,0,0,0,1,1,1,1,1,0,1,1,1,0,1,1,1,0,1,1,1,1
61,26_nd_A_B_H,0,1,0,0,1,1,1,1,0,0,1,1,1,1,0,1,1,0,1,1,0,1,0,1,0,1,0,0,1,0,1,1,1,0,1,0,0,0,0,1,1,0,1,1,1,1,0,0,0,1
62,10_A_B_H,0,0,1,0,1,1,1,1,1,1,1,1,0,1,1,0,0,0,1,0,0,0,0,0,1,1,1,0,0,1,1,1,1,1,1,1,1,0,0,0,1,0,1,1,0,1,1,1,1,1
63,17_A_B_H,1,0,0,1,1,1,0,1,1,1,1,1,1,1,1,0,1,1,0,0,1,0,1,0,1,1,0,0,0,1,1,1,1,1,1,1,1,1,1,0,1,1,1,0,1,1,1,1,0,1
64,11_nd_A_B_OC,0,0,0,0,1,0,1,1,1,0,0,1,1,1,1,0,0,1,0,0,0,0,0,0,0,1,1,0,0,0,0,1,1,1,1,1,1,1,1,0,1,0,0,1,1,1,1,1,0,1
65,3_nd_A_B_H,1,1,1,1,1,0,1,0,1,0,0,0,0,1,0,0,1,0,1,0,1,1,1,0,0,0,0,1,0,1,0,0,1,0,1,1,1,0,1,0,1,1,0,0,1,1,1,0,0,1
66,12_nh_A_B_H,0,0,1,0,1,0,1,0,0,1,1,1,1,0,0,0,1,0,1,1,0,0,0,1,1,0,0,0,0,0,1,1,0,0,1,0,0,0,0,1,1,0,0,1,1,0,0,0,0,0
67,14_nd_A_B_OC,0,1,1,0,1,1,1,1,1,1,1,1,1,1,1,1,1,0,0,1,0,1,0,0,1,1,0,0,0,0,1,1,1,1,1,1,1,1,0,1,1,0,1,1,1,0,1,1,0,1
68,12_nd_A_B_OC,1,0,1,0,1,1,0,1,1,0,1,0,1,1,1,1,1,0,1,1,1,0,0,0,0,1,0,0,0,0,1,0,0,1,1,1,1,1,0,1,1,1,1,0,1,0,1,1,0,0
69,12_A_B_OC,1,1,0,1,1,1,1,0,1,1,1,1,0,0,1,1,1,0,0,0,1,1,1,1,1,0,0,1,0,0,1,1,1,1,1,1,0,0,1,0,1,1,1,1,0,0,1,1,0,1
70,18_A_B_OC,1,1,0,1,0,1,0,0,1,0,0,0,1,0,0,1,0,1,1,1,1,1,1,1,0,0,1,0,1,0,0,0,1,1,0,1,0,1,0,1,0,1,1,1,1,0,1,1,0,1
71,16_A_B_OC,0,1,0,1,1,0,0,1,1,1,1,1,1,1,0,1,1,1,1,1,0,1,1,1,1,1,1,0,0,1,1,1,1,1,1,1,0,1,0,1,1,0,0,1,1,0,1,1,1,1
72,19_nd_A_B_OC,0,0,0,1,0,0,1,0,1,0,1,1,1,1,1,1,1,1,1,0,0,0,1,0,0,0,1,0,0,0,1,1,0,0,0,1,1,0,0,0,0,0,0,0,1,0,1,0,1,0
73,15_A_B_H,1,0,1,0,1,0,0,0,1,0,1,0,0,0,1,0,0,0,1,0,1,0,0,1,0,0,1,0,1,0,1,0,1,1,1,1,1,1,0,0,1,1,0,1,1,1,1,1,1,1
74,25_A_B_OC,0,0,0,1,1,0,1,0,1,0,1,0,1,1,0,1,0,0,0,0,0,0,1,0,0,0,0,0,1,0,1,0,0,1,1,1,1,1,0,0,1,0,0,0,0,0,1,1,0,0
75,7_A_B_H,1,0,0,0,1,0,0,0,0,0,1,0,0,0,0,1,1,0,1,1,1,0,0,0,0,0,0,0,0,0,1,0,1,1,1,0,1,0,0,1,1,1,0,1,0,1,0,1,1,1
76,1_nd_A_B_OC,1,1,0,0,0,0,1,0,0,0,1,0,1,1,1,1,1,0,0,0,1,1,0,0,0,0,0,0,0,1,1,0,1,0,0,0,0,0,1,0,0,1,0,0,1,1,0,0,1,1
77,39_A_B_OC,1,1,1,1,0,1,0,0,1,0,0,1,0,1,0,1,1,0,1,0,1,1,1,0,0,0,1,1,1,1,0,1,1,1,0,1,1,1,0,0,0,1,1,1,1,1,1,1,1,1
78,15_nd_A_B_OC,0,0,1,0,0,0,1,0,0,0,1,0,1,1,1,0,1,1,1,1,0,0,0,0,0,0,1,0,0,0,1,0,0,1,0,0,0,1,0,1,0,0,0,0,1,1,0,1,1,0
79,18_A_B_H,1,0,0,0,1,0,1,0,0,1,1,0,0,0,1,1,0,0,1,0,1,0,0,1,1,0,0,0,0,0,1,0,1,0,1,0,0,1,0,0,1,1,0,1,0,1,0,0,1,1
80,8_nd_A_B_OC,1,0,0,0,1,1,0,0,1,0,0,0,0,1,1,0,0,0,1,0,1,0,0,0,0,0,0,1,0,0,0,0,0,1,1,1,0,1,1,0,1,1,1,0,1,0,1,1,1,0
81,1_nd_A_B_H,1,0,1,0,1,1,1,0,1,0,1,1,1,1,1,1,0,1,1,0,1,0,0,0,0,0,0,0,1,0,1,1,1,1,1,1,1,0,0,0,1,1,1,1,1,0,1,1,1,1
82,28_A_B_H,1,1,0,1,1,0,1,0,1,0,0,0,1,0,0,0,1,1,1,0,1,1,1,0,0,0,1,1,0,0,0,0,1,1,1,1,0,0,0,0,1,1,0,0,1,1,1,1,0,1
83,3_nd_A_B_OC,0,1,1,0,1,0,1,0,1,1,1,1,0,0,0,0,0,0,0,1,0,1,0,0,1,0,0,0,0,0,1,1,0,1,1,1,1,1,0,1,1,0,0,0,1,0,1,1,0,0
84,34_A_B_H,1,1,1,0,1,0,0,0,1,1,0,1,0,0,0,0,1,0,0,1,1,1,0,0,1,0,1,0,0,1,0,1,1,0,1,1,1,1,1,1,1,1,0,0,1,1,1,0,1,1
85,16_nd_A_B_OC,1,1,1,1,1,1,0,0,1,0,1,1,1,0,1,0,0,0,0,0,1,1,1,0,0,0,0,0,0,0,1,1,1,0,1,1,0,1,0,0,1,1,1,1,1,1,1,0,0,1
86,31_A_B_H,1,0,0,1,1,1,0,1,1,0,0,1,1,0,0,1,0,1,1,1,1,0,1,0,0,1,1,0,1,0,0,1,1,0,1,1,1,0,0,1,1,1,1,1,1,1,1,0,1,1
87,9_nh_A_B_H,0,0,1,1,0,1,0,0,0,0,1,0,1,1,1,1,1,1,0,1,0,0,1,0,0,0,1,0,1,0,1,0,1,1,0,0,1,0,1,1,0,0,1,0,0,0,0,1,1,1
88,13_A_B_OC,0,0,0,1,1,1,1,1,1,1,0,1,1,0,0,1,0,1,0,1,0,0,1,0,1,1,0,1,1,0,0,1,0,1,1,1,0,1,0,1,1,0,1,0,1,0,1,1,1,0
89,29_A_B_OC,1,0,0,0,0,1,1,0,1,0,0,0,0,0,1,0,0,0,0,0,1,0,0,1,0,0,0,1,1,0,0,0,0,1,0,1,1,0,0,0,0,1,1,1,0,0,1,1,1,0
90,24_nd_A_B_H,1,0,0,0,1,0,1,1,0,0,1,0,1,1,0,0,1,0,1,0,1,0,0,1,0,1,1,0,1,1,1,0,1,1,1,0,1,0,0,0,1,1,0,0,0,0,0,1,0,1
91,36_A_B_H,1,0,0,1,1,0,1,1,1,0,0,0,0,0,1,0,1,0,0,1,1,0,1,0,0,1,0,0,0,1,0,0,0,1,1,1,1,1,1,1,1,1,0,0,1,1,1,1,1,0
92,20_nd_A_B_H,0,0,1,0,1,1,0,0,0,0,1,1,1,1,1,1,0,1,0,0,0,0,0,0,0,0,0,1,0,0,1,1,1,1,1,0,1,1,1,0,1,0,1,1,1,0,0,1,0,1
93,50_A_B_H,1,0,1,0,1,1,1,1,1,0,0,0,0,0,0,0,1,0,1,0,1,0,0,1,0,1,1,0,0,1,0,0,1,1,1,1,1,0,0,0,1,1,1,1,1,1,1,1,1,1
94,6_nd_A_B_OC,1,0,1,0,1,1,1,1,1,0,1,1,1,1,1,1,1,1,0,1,1,0,0,0,0,1,0,1,0,0,1,1,1,0,1,1,1,0,1,1,1,1,1,1,1,0,1,0,0,1
95,51_A_B_H,1,1,0,0,1,1,1,1,1,1,1,1,0,0,1,0,1,0,0,0,1,1,0,0,1,1,0,0,1,0,1,1,1,1,1,1,1,0,0,0,1,1,1,0,1,1,1,1,1,1
96,13_nd_A_B_H,0,0,0,1,1,1,0,0,0,0,1,1,1,0,1,0,0,0,1,1,0,0,1,1,0,0,1,1,1,0,1,1,1,1,1,0,1,0,0,1,1,0,1,1,1,0,0,1,1,1
97,36_A_B_OC,1,0,1,0,1,1,1,0,1,0,1,1,1,0,1,1,0,0,0,0,1,0,0,0,0,0,0,0,1,0,1,1,0,1,1,1,1,0,1,0,1,1,1,1,0,0,1,1,1,0
98,19_A_B_H,1,0,1,1,0,0,1,1,1,0,1,1,1,0,0,0,0,0,0,0,1,0,1,0,0,1,0,0,0,1,1,1,1,1,0,1,1,0,0,0,0,1,0,1,0,1,1,1,1,1
99,9_nd_A_B_H,1,1,1,0,1,1,0,1,1,1,1,0,1,0,1,1,0,0,0,1,1,1,0,0,1,1,0,0,0,0,1,0,0,0,1,1,1,1,0,1,1,1,1,1,1,0,1,0,1,0
100,21_nh_A_B_H,1,0,0,0,0,0,1,1,1,1,1,0,1,0,1,1,1,1,1,1,1,0,0,0,1,1,0,0,0,0,1,0,0,1,0,1,0,0,0,1,0,1,0,1,0,0,1,1,1,0
101,13_A_B_H,1,0,0,1,1,1,1,0,0,1,1,0,1,0,1,0,0,0,1,0,1,0,1,1,1,0,0,0,0,1,1,0,1,0,1,0,1,1,1,0,1,1,1,0,1,1,0,0,1,1
102,11_A_B_OC,1,0,0,1,0,1,0,0,1,1,1,0,1,0,1,0,1,0,0,0,1,0,1,0,1,0,1,0,0,1,1,0,1,0,0,1,1,0,1,0,0,1,1,1,0,0,1,0,1,1
103,6_nd_A_B_H,1,0,1,0,1,1,1,1,1,0,1,1,0,1,0,0,0,1,0,0,1,0,0,0,0,1,1,1,0,0,1,1,1,1,1,1,1,0,0,0,1,1,1,1,1,1,1,1,1,1
104,5_A_B_H,1,0,1,0,1,0,0,0,1,1,1,0,0,1,1,1,1,1,0,0,1,0,0,0,1,0,1,0,1,0,1,0,0,1,1,1,0,1,0,0,1,1,0,0,1,1,1,1,0,0
105,15_nd_A_B_H,0,1,0,1,1,1,0,1,1,0,1,1,1,0,0,1,0,0,0,0,0,1,1,1,0,1,0,0,0,1,1,1,1,1,1,1,0,1,0,0,1,0,1,1,0,0,1,1,1,1
106,12_nd_A_B_H,1,0,0,0,1,1,0,1,1,0,1,1,1,1,0,0,1,0,1,1,1,0,0,0,0,1,1,0,0,0,1,1,1,1,1,1,1,0,1,1,1,1,1,1,1,0,1,1,0,1
107,18_nd_A_B_OC,1,1,0,1,1,1,1,1,1,0,0,0,1,1,1,1,0,0,1,1,1,1,1,1,0,1,1,0,0,0,0,0,1,1,1,1,0,1,0,1,1,1,1,0,1,0,1,1,0,1
108,22_nd_A_B_H,1,1,1,0,1,1,1,1,1,0,0,1,1,0,1,0,1,0,0,0,1,1,0,1,0,1,0,0,1,1,0,1,1,1,1,1,1,1,1,0,1,1,1,0,0,1,1,1,0,1
109,28_A_B_OC,1,1,1,0,0,1,0,1,0,1,1,0,0,0,1,0,0,0,1,0,1,1,0,0,1,1,1,0,1,0,1,0,1,1,0,0,1,1,0,0,0,1,1,0,1,1,0,1,0,1
110,22_nd_A_B_OC,1,1,1,1,0,1,1,1,1,0,0,1,0,0,1,1,1,1,1,0,1,1,1,1,0,1,0,1,0,1,0,1,0,1,0,1,0,0,0,0,0,1,1,1,1,0,1,1,1,0
111,20_A_B_H,1,1,1,1,1,0,1,1,1,0,1,1,0,0,1,0,1,0,1,0,1,1,1,0,0,1,1,0,0,0,1,1,1,1,1,1,1,0,0,0,1,1,0,1,0,1,1,1,1,1
112,44_A_B_H,1,0,0,1,1,1,1,0,1,1,0,0,0,1,1,0,0,0,0,0,1,0,1,1,1,0,0,0,0,1,0,0,1,0,1,1,1,1,0,0,1,1,1,1,0,1,1,0,1,1
113,8_A_B_H,1,1,0,0,0,1,0,0,1,1,1,1,0,1,1,1,1,1,0,0,1,1,0,0,1,0,0,0,1,0,1,1,0,1,0,1,1,1,1,0,0,1,1,1,1,1,1,1,0,0
114,23_A_B_H,1,1,1,1,1,0,0,0,1,0,1,1,0,0,1,1,0,1,0,0,1,1,1,0,0,0,0,0,1,0,1,1,1,1,1,1,1,0,0,0,1,1,0,1,1,1,1,1,1,1
115,30_A_B_H,1,1,1,0,1,1,1,0,1,1,0,0,1,0,1,1,1,1,0,0,1,1,0,0,1,0,1,0,1,1,0,0,1,1,1,1,1,1,0,0,1,1,1,1,1,1,1,1,1,1
116,16_A_B_H,0,0,0,1,0,0,0,0,1,0,1,1,0,1,0,0,0,0,1,1,0,0,1,0,0,0,0,0,0,0,1,1,0,1,0,1,0,1,0,1,0,0,0,1,1,1,1,1,0,0
117,26_A_B_H,1,0,0,0,0,0,0,0,0,0,0,0,0,1,0,1,0,0,1,0,1,0,0,0,0,0,1,0,0,0,0,0,0,0,0,0,0,0,0,0,0,1,0,0,0,1,0,0,1,0
118,26_A_B_OC,0,1,1,0,0,1,0,0,1,1,1,0,1,0,1,0,0,1,1,1,0,1,0,0,1,0,0,1,0,0,1,0,1,1,0,1,1,1,1,1,0,0,1,1,1,0,1,1,1,1
119,22_A_B_OC,1,0,1,0,0,0,0,1,0,1,0,1,0,0,1,1,1,0,1,1,1,0,0,1,1,1,1,1,0,0,0,1,1,1,0,0,0,1,0,1,0,1,0,1,0,0,0,1,0,1
120,20_A_B_OC,1,1,1,1,1,0,1,0,0,0,1,0,1,1,0,1,0,1,1,0,1,1,1,1,0,0,1,1,0,0,1,0,1,1,1,0,1,1,1,0,1,1,0,1,1,1,0,1,1,1
121,39_A_B_H,1,1,1,1,1,1,1,0,0,1,0,0,0,0,0,0,0,0,0,0,1,1,1,0,1,0,0,1,0,0,0,0,1,0,1,0,0,0,0,0,1,1,1,1,0,1,0,0,1,1
122,1_A_B_H,1,1,1,0,1,1,1,0,0,1,0,1,1,1,1,1,0,0,0,1,1,1,0,0,1,0,0,0,0,0,0,1,1,1,1,0,1,0,0,1,1,1,1,1,1,1,0,1,1,1
123,23_A_B_OC,1,1,0,1,1,1,0,1,1,0,0,1,1,1,1,0,1,0,0,1,1,1,1,0,0,1,1,0,1,0,0,1,1,1,1,1,1,1,0,1,1,1,1,1,0,0,1,1,0,1
124,37_A_B_OC,0,1,1,0,1,1,0,1,1,0,1,1,1,1,0,0,1,1,0,1,0,1,0,0,0,1,1,0,0,0,1,1,1,1,1,1,1,0,1,1,1,0,1,1,1,1,1,1,1,1
125,27_A_B_H,1,1,1,1,1,1,0,0,1,0,0,0,1,0,0,1,1,1,1,1,1,1,1,0,0,0,0,1,0,0,0,0,1,0,1,1,0,1,0,1,1,1,1,0,1,1,1,0,1,1
126,2_nd_A_B_H,1,1,0,0,1,1,1,0,0,0,1,1,0,0,0,1,1,0,1,0,1,1,0,0,0,0,1,1,0,0,1,1,1,1,1,0,1,1,0,0,1,1,1,1,0,0,0,1,1,1
127,11_A_B_H,0,0,1,0,1,1,1,1,1,0,0,1,1,0,1,1,1,1,1,1,0,0,0,0,0,1,1,0,0,1,0,1,1,1,1,1,1,0,0,1,1,0,1,0,1,1,1,1,0,1
128,17_nd_A_B_OC,0,0,0,1,1,0,0,0,1,1,1,0,0,1,0,0,1,0,1,0,0,0,1,1,1,0,0,0,1,0,1,0,0,0,1,1,0,1,0,0,1,0,0,0,0,0,1,0,1,0
129,22_A_B_H,1,1,1,1,1,1,1,0,1,1,1,0,1,0,0,1,0,0,1,0,1,1,1,1,1,0,0,1,1,0,1,0,1,1,1,1,1,1,0,0,1,1,1,1,1,1,1,1,1,1
130,16_nd_A_B_H,1,1,1,0,1,0,0,0,0,1,1,1,1,0,0,0,0,0,0,0,1,1,0,0,1,0,1,1,0,1,1,1,1,1,1,0,1,1,1,0,1,1,0,1,0,1,0,1,1,1
131,33_A_B_H,1,1,1,0,0,0,1,1,1,0,1,1,0,0,0,0,0,0,0,1,1,1,0,0,0,1,1,1,0,0,1,1,1,1,0,1,1,0,0,1,0,1,0,1,1,1,1,1,0,1
132,8_nd_A_B_H,1,1,0,1,1,1,1,0,1,0,0,1,1,0,1,1,1,1,1,1,1,1,1,0,0,0,1,0,0,0,0,1,0,1,1,1,1,1,0,1,1,1,1,0,1,0,1,1,0,0
133,42_A_B_H,1,0,1,1,1,1,1,0,1,1,0,1,1,0,0,0,0,1,1,0,1,0,1,1,1,0,1,1,1,1,0,1,1,1,1,1,1,0,0,0,1,1,1,1,1,1,1,1,1,1
134,45_A_B_H,1,1,1,0,1,1,1,0,0,1,0,0,0,0,1,0,1,0,0,1,1,1,0,1,1,0,0,0,1,1,0,0,1,0,1,0,1,0,0,1,1,1,1,1,1,1,0,0,1,1
135,32_A_B_H,1,0,0,0,1,1,0,0,0,1,1,0,1,0,1,1,0,0,0,0,1,0,0,0,1,0,1,0,0,0,1,0,1,1,1,0,1,0,1,0,1,1,1,1,1,1,0,1,0,1
136,9_A_B_OC,0,0,0,0,0,0,1,1,1,0,0,0,0,1,1,1,0,1,0,0,0,0,0,0,0,1,0,0,0,0,0,0,1,1,0,1,1,0,0,0,0,0,0,0,0,1,1,1,0,1
137,17_A_B_OC,1,1,1,0,1,1,1,1,1,1,1,0,1,0,0,1,1,1,0,1,1,1,0,1,1,1,1,0,1,1,1,0,1,1,1,1,1,1,0,1,1,1,1,1,1,0,1,1,1,1
138,24_A_B_H,1,1,1,1,1,1,1,1,1,0,0,0,0,1,1,0,0,0,0,1,1,1,1,1,0,1,1,0,0,0,0,0,1,1,1,1,1,1,1,1,1,1,1,1,0,1,1,1,1,1
