,graph_name,Top_1,Top_2,Top_3,Top_4,Top_5,Top_6,Top_7,Top_8,Top_9,Top_10,Top_11,Top_12,Top_13,Top_14,Top_15,Top_16,Top_17,Top_18,Top_19,Top_20,Top_21,Top_22,Top_23,Top_24,Top_25,Top_26,Top_27,Top_28,Top_29,Top_30,Top_31,Top_32,Top_33,Top_34,Top_35,Top_36,Top_37,Top_38,Top_39,Top_40,Top_41,Top_42,Top_43,Top_44,Top_45,Top_46,Top_47,Top_48,Top_49,Top_50
0,3_A_B_OC,1,1,1,1,1,1,1,0,1,0,0,1,1,0,0,1,0,0,0,1,1,1,0,0,0,0,1,0,0,0,0,1,0,0,0,0,0,1,0,1,0,0,0,0,0,0,1,0,0,0
1,7_nd_A_B_H,1,1,1,1,1,1,0,1,0,1,1,0,0,1,0,0,1,0,1,1,1,1,0,1,1,0,0,0,1,0,0,0,0,1,1,1,0,0,1,0,0,0,1,0,0,1,1,1,0,1
2,38_A_B_H,0,0,0,0,1,1,0,0,1,0,1,0,1,0,1,1,1,1,1,0,1,0,1,0,0,1,0,1,1,1,0,0,0,0,0,0,0,1,0,1,1,0,0,1,1,1,0,0,0,0
3,14_nd_A_B_H,1,1,1,1,1,0,1,0,0,0,1,1,0,0,1,1,1,0,1,0,0,1,1,1,0,0,1,1,0,0,0,0,1,0,1,1,1,1,1,0,0,0,1,0,1,0,1,1,0,1
4,32_A_B_OC,1,1,1,1,1,0,1,0,0,1,1,1,1,1,0,0,1,1,0,1,1,1,1,0,1,1,0,1,1,1,0,1,0,0,1,1,1,0,1,0,1,0,1,1,0,0,0,0,0,0
5,1_A_B_OC,0,1,1,1,1,0,1,0,0,1,0,0,1,0,0,0,0,0,0,0,1,0,0,0,0,0,0,0,0,1,0,1,1,1,0,1,1,1,0,1,0,1,0,0,1,0,0,0,0,1
6,13_nd_A_B_OC,1,1,1,1,0,1,0,1,0,1,1,0,0,0,1,1,1,0,0,1,0,1,1,1,0,0,1,1,1,1,1,0,1,1,1,0,0,0,0,0,1,0,0,1,1,1,1,0,0,0
7,10_nd_A_B_OC,1,1,1,1,1,0,0,1,1,0,0,1,0,1,1,1,1,1,0,0,0,1,0,0,0,1,1,0,1,0,0,0,1,0,1,1,0,0,0,1,0,0,0,0,1,1,0,1,1,1
8,7_nh_A_B_H,1,1,0,1,1,1,1,1,1,0,0,1,1,1,0,0,1,0,1,1,0,0,0,0,0,1,1,0,1,0,1,1,0,0,0,1,0,1,0,0,0,0,0,1,1,1,0,1,1,1
9,40_A_B_H,0,1,1,0,1,1,1,0,0,1,1,1,1,1,1,1,1,1,0,0,0,0,1,1,0,0,0,1,0,1,0,1,1,0,1,0,0,0,0,1,1,1,0,0,1,1,0,0,0,1
10,37_A_B_H,1,0,1,1,0,1,1,1,1,0,1,1,0,1,0,1,1,0,0,0,0,1,0,1,1,0,0,1,0,0,0,0,1,0,1,0,1,0,0,0,0,1,0,1,0,1,1,0,0,0
11,11_nd_A_B_H,1,1,1,1,1,1,1,1,0,1,1,0,1,1,0,0,1,0,1,0,0,1,1,1,0,0,0,0,1,1,0,0,0,1,1,1,0,0,0,1,1,0,0,1,1,1,1,0,0,1
12,43_A_B_H,1,1,1,1,1,1,1,0,0,0,1,1,1,0,0,0,1,1,0,0,1,1,1,1,1,0,1,0,1,0,1,1,1,0,1,1,1,0,1,1,1,1,0,0,1,0,0,0,0,1
13,18_nd_A_B_H,0,1,0,1,1,1,1,1,0,1,0,1,1,1,1,0,1,0,1,1,0,0,0,1,1,1,1,0,1,1,0,1,1,0,1,1,1,0,1,0,1,1,1,0,1,0,1,1,1,0
14,14_A_B_OC,1,1,1,1,1,1,0,1,0,1,1,1,1,0,1,1,1,1,1,1,1,0,1,0,0,0,0,1,0,0,0,0,1,1,0,1,1,1,1,0,1,0,0,0,1,0,0,0,1,1
15,10_A_B_OC,0,1,1,1,0,1,1,0,1,0,0,0,1,0,1,1,0,0,1,0,1,0,0,1,1,1,0,0,0,0,0,1,0,0,1,0,0,0,0,0,0,1,0,0,0,1,0,0,1,0
16,11_nh_A_B_H,1,1,0,1,1,1,0,1,0,0,0,0,0,0,0,0,1,0,0,1,0,0,0,0,0,1,0,1,0,1,1,0,1,0,0,1,1,0,1,0,0,0,0,0,1,0,1,1,1,0
17,2_A_B_H,1,1,0,0,1,1,0,0,1,0,0,1,0,0,1,1,0,0,0,0,0,0,0,0,0,0,0,0,0,0,0,1,1,1,0,1,0,0,0,0,0,0,0,0,1,0,0,0,0,0
18,7_nd_A_B_OC,1,0,0,0,1,0,0,0,0,1,1,0,0,0,1,0,0,0,0,0,1,1,0,0,0,0,1,1,1,0,0,1,0,0,0,1,0,0,1,1,0,0,1,0,0,0,1,0,1,1
19,4_nd_A_B_H,1,1,0,1,1,1,0,0,1,1,1,0,1,1,1,1,0,1,1,0,0,0,0,0,1,0,1,1,1,1,1,1,1,1,1,1,1,0,0,0,0,0,0,1,1,1,1,1,1,1
20,10_nh_A_B_H,0,1,1,0,1,1,1,1,1,0,1,1,0,0,0,1,1,1,1,1,1,0,1,0,0,1,1,0,1,0,0,0,0,1,1,1,0,0,0,1,0,0,1,1,1,0,0,0,0,0
21,3_A_B_H,1,1,1,1,1,0,1,1,1,0,1,0,0,1,1,0,1,1,1,1,0,1,0,0,0,1,1,0,0,1,0,0,0,1,1,1,0,1,1,0,0,0,1,1,1,0,1,1,0,0
22,40_A_B_OC,1,0,1,0,0,0,0,1,1,1,1,0,1,0,0,1,1,0,0,1,0,1,0,0,0,1,1,1,0,1,1,1,1,0,0,1,0,1,1,1,1,0,0,0,0,1,0,1,0,1
23,35_A_B_H,1,1,1,1,1,1,0,0,1,0,0,0,1,1,1,0,1,0,0,0,0,1,1,1,1,0,0,0,0,0,1,0,0,0,0,1,0,1,0,0,1,1,0,0,1,0,1,0,1,0
24,48_A_B_H,1,0,1,1,1,1,1,0,0,1,1,1,1,1,0,0,1,1,1,1,1,0,0,1,1,0,1,0,1,0,0,1,1,0,0,1,1,1,1,0,1,1,0,1,1,0,1,1,0,0
25,8_nh_A_B_H,1,1,0,1,1,1,1,1,0,1,0,1,1,0,0,1,0,0,0,1,0,1,1,1,0,1,1,0,1,0,0,1,1,0,1,0,0,0,0,0,0,0,1,0,0,0,1,1,0,0
26,25_A_B_H,0,1,1,0,0,1,1,0,0,1,0,1,1,1,0,1,1,1,0,1,1,1,1,0,1,0,1,1,1,1,0,0,1,0,0,0,0,0,0,0,1,1,0,0,1,0,1,1,0,1
27,21_A_B_OC,1,0,1,1,1,1,1,1,0,1,1,1,1,1,0,1,1,1,1,1,1,1,1,1,1,0,0,0,1,0,0,1,0,0,1,1,1,1,1,0,1,1,0,0,1,0,0,0,1,1
28,21_nd_A_B_OC,0,1,0,0,1,0,1,0,0,0,0,0,0,1,0,0,0,1,0,0,0,0,0,0,0,0,0,0,0,0,0,0,0,1,0,0,0,0,1,0,0,0,1,0,0,0,0,1,1,1
29,2_nd_A_B_OC,1,0,0,1,1,0,1,1,1,0,1,1,1,1,0,0,0,0,0,0,1,1,0,0,0,0,0,1,1,0,0,0,0,0,0,1,0,0,0,0,0,0,1,1,0,0,0,0,0,0
30,21_nd_A_B_H,1,0,0,1,1,1,1,1,0,0,1,0,1,0,0,1,1,0,0,1,0,0,1,1,0,0,1,0,1,1,0,1,0,0,0,0,0,0,1,0,1,0,1,0,1,0,0,0,1,0
31,6_A_B_H,1,1,1,1,1,1,1,0,0,0,1,0,1,0,1,1,1,1,1,1,1,0,1,1,0,1,1,0,0,1,1,0,1,0,1,0,1,1,1,1,1,0,0,0,1,0,1,0,1,0
32,25_nd_A_B_H,1,1,1,0,0,1,0,1,0,1,0,0,0,1,0,0,1,1,1,0,1,1,0,0,0,1,1,0,0,0,0,0,0,0,0,0,0,1,0,1,1,1,1,0,0,0,0,0,0,0
33,46_A_B_H,1,1,1,1,1,1,1,1,0,1,0,1,1,1,0,0,1,1,1,1,1,0,1,1,1,0,0,0,1,1,1,0,0,0,1,0,1,0,1,0,1,1,0,0,1,0,1,0,1,0
34,47_A_B_H,1,1,1,1,0,1,1,1,1,1,0,1,1,0,1,1,0,1,1,0,1,1,1,0,0,0,0,1,1,1,1,1,0,0,1,0,1,1,1,1,1,0,1,1,1,0,0,0,0,0
35,13_nh_A_B_H,1,1,0,1,0,0,0,0,1,1,1,0,1,0,0,1,1,0,0,1,0,1,0,1,0,0,0,0,0,1,1,1,1,1,0,1,0,1,0,0,0,0,1,1,1,1,1,0,1,0
36,41_A_B_OC,1,1,1,0,1,0,1,0,0,0,1,1,0,1,1,0,1,1,1,0,0,1,0,0,0,1,0,1,1,1,1,0,1,1,1,0,0,0,1,0,0,0,0,1,0,1,1,1,0,1
37,14_A_B_H,1,1,1,0,1,0,1,0,1,1,1,1,1,1,0,0,0,0,1,1,1,1,0,0,1,0,0,0,1,0,0,0,1,1,0,1,0,1,1,0,0,0,1,0,1,1,0,0,0,0
38,41_A_B_H,1,1,1,1,1,1,0,0,0,0,1,1,1,1,0,0,1,1,1,0,0,1,1,0,1,0,1,1,1,1,1,1,1,1,1,0,1,1,1,0,1,1,1,0,1,0,1,1,1,0
39,10_nd_A_B_H,0,0,0,0,1,1,1,0,1,0,1,1,0,1,1,0,0,0,0,0,0,1,0,1,1,0,1,0,0,1,0,0,1,0,0,0,1,0,1,1,0,1,0,0,1,0,0,1,1,1
40,29_A_B_H,0,0,1,1,0,1,1,1,0,0,1,1,1,0,1,1,1,1,1,0,1,1,0,1,0,0,0,0,1,0,0,1,1,0,1,1,0,0,1,0,1,1,0,0,1,0,0,1,0,0
41,4_A_B_H,0,1,0,1,1,0,1,1,0,1,1,1,0,1,0,1,0,0,1,0,0,0,1,0,1,1,0,0,0,0,1,0,1,0,1,0,0,0,0,0,1,0,0,1,1,0,1,1,1,1
42,24_nh_A_B_H,1,1,0,1,1,1,0,1,0,1,0,0,1,0,1,1,0,1,1,1,1,1,0,0,0,0,0,0,0,0,1,0,1,0,1,1,0,0,0,0,0,0,0,1,1,0,1,0,0,0
43,23_nd_A_B_H,0,1,1,0,0,0,1,0,0,0,0,0,1,1,0,0,0,1,0,1,0,1,1,1,1,0,1,1,1,0,0,0,0,0,0,1,0,1,0,1,0,1,0,1,1,0,1,0,1,1
44,15_A_B_OC,1,0,1,0,0,1,1,0,1,1,1,0,0,1,1,0,1,0,1,1,0,0,0,0,0,0,0,0,0,0,0,1,1,0,1,0,0,0,0,1,0,0,0,1,0,0,0,1,0,1
45,5_nd_A_B_OC,1,0,1,1,1,1,0,0,0,0,1,0,1,0,1,0,0,0,0,0,0,1,0,0,1,0,0,0,0,1,1,1,1,0,1,1,0,0,0,0,0,0,0,0,1,0,1,1,1,1
46,4_A_B_OC,1,1,1,1,1,1,0,0,0,1,0,1,0,0,0,0,1,0,0,0,0,0,0,1,0,1,0,0,0,0,0,0,0,0,0,0,0,1,1,0,0,0,0,0,1,0,0,1,1,0
47,5_nd_A_B_H,1,0,1,0,0,0,0,0,0,0,1,1,0,1,0,1,1,1,0,1,1,0,1,0,1,0,1,0,0,1,1,1,0,1,1,0,1,1,0,1,1,0,0,0,1,0,1,1,0,1
48,38_A_B_OC,0,1,0,0,0,1,0,0,1,1,0,0,1,1,1,1,1,1,0,1,0,1,1,0,1,0,1,0,1,0,0,1,1,0,0,0,0,0,0,1,1,1,0,0,0,1,0,0,1,0
49,4_nd_A_B_OC,1,0,1,1,1,1,1,0,1,0,1,1,1,0,1,0,1,1,1,0,0,1,0,1,0,0,1,0,0,1,0,1,1,0,0,0,0,0,1,0,0,0,1,1,0,0,1,0,1,0
50,19_nd_A_B_H,1,1,1,0,0,0,0,1,1,1,1,1,0,0,1,0,0,1,0,0,1,0,1,0,0,0,0,0,1,1,1,0,0,0,0,1,0,0,0,1,1,0,0,0,1,0,0,0,1,0
51,17_nd_A_B_H,0,1,1,1,1,0,1,1,1,1,1,0,1,1,0,0,1,1,1,0,0,1,1,1,1,0,1,1,1,0,0,1,0,0,1,1,0,0,0,1,0,0,0,0,1,0,1,1,0,0
52,12_A_B_H,1,0,1,1,0,1,1,1,0,0,1,0,1,1,1,0,1,1,1,1,1,1,0,1,1,0,1,1,0,1,0,0,1,0,0,0,0,0,0,0,0,0,0,0,1,0,1,0,1,0
53,2_A_B_OC,1,0,1,0,1,1,0,0,1,0,1,0,1,1,0,0,1,0,1,0,1,0,1,0,0,0,0,1,0,0,1,0,0,0,0,1,0,1,0,1,0,0,0,0,1,0,0,1,1,0
54,45_A_B_OC,1,1,1,1,1,0,0,0,0,0,1,0,0,1,0,1,1,0,1,1,0,0,0,0,1,0,0,1,1,0,1,1,1,0,1,1,1,1,1,1,0,1,1,1,1,0,1,1,1,1
55,7_A_B_OC,0,0,0,1,0,1,0,1,1,1,0,1,1,0,1,1,0,0,1,1,0,0,0,1,1,0,0,1,0,0,0,0,0,0,0,1,1,0,0,1,0,0,0,0,1,0,0,0,1,1
56,6_A_B_OC,1,0,0,1,1,1,1,0,0,1,1,1,0,0,0,0,1,1,1,0,0,1,0,0,1,0,1,0,1,1,0,1,1,0,1,0,0,0,0,0,0,0,0,0,0,0,0,0,0,0
57,9_A_B_H,1,1,1,1,1,1,1,1,1,1,0,1,1,0,1,1,1,1,1,1,0,1,0,1,1,0,1,0,0,1,0,1,1,0,0,1,0,1,1,1,0,0,0,0,1,0,1,1,1,1
58,9_nd_A_B_OC,1,1,1,1,1,0,1,0,1,0,0,1,1,0,1,1,0,1,1,0,0,0,1,0,1,0,1,1,0,0,0,1,0,0,0,0,0,0,0,1,1,0,0,0,1,1,1,0,1,0
59,5_A_B_OC,1,0,1,1,1,1,1,0,0,0,1,1,1,1,0,0,1,0,1,1,0,1,0,1,1,0,1,0,1,1,1,0,1,0,1,0,0,0,1,0,1,0,0,1,0,1,1,0,1,0
60,19_A_B_OC,0,0,1,1,1,1,1,0,1,1,0,1,1,0,1,1,1,0,1,0,1,1,0,0,0,0,1,1,1,1,1,1,0,0,1,1,0,1,0,0,1,0,0,1,1,0,1,0,1,0
61,26_nd_A_B_H,1,1,1,0,1,0,0,0,0,1,1,0,0,1,0,0,0,1,1,1,1,1,1,1,0,0,1,1,1,1,1,1,0,0,0,1,1,1,0,1,1,0,0,1,1,1,1,0,1,1
62,10_A_B_H,1,1,1,1,1,1,1,0,0,0,0,0,1,0,1,1,0,1,1,1,0,0,0,1,1,1,0,1,0,1,0,0,0,1,1,0,0,0,1,1,1,0,0,0,1,1,1,1,0,0
63,17_A_B_H,1,1,1,1,1,1,1,1,1,0,1,1,0,0,1,1,0,1,1,1,0,0,0,1,0,0,0,0,0,0,0,0,1,0,1,1,0,1,0,0,0,0,0,1,1,0,0,0,0,0
64,11_nd_A_B_OC,0,1,1,1,1,1,1,1,1,0,0,1,0,1,1,1,0,1,1,1,0,0,1,1,0,1,1,1,0,0,1,0,0,0,0,1,1,0,0,1,1,0,0,0,0,0,1,1,0,1
65,3_nd_A_B_H,0,0,1,0,1,1,1,0,1,0,1,0,0,1,1,0,0,1,0,1,1,0,0,1,1,1,0,1,1,0,0,0,1,0,0,0,1,1,1,1,1,1,0,1,0,1,1,0,0,0
66,12_nh_A_B_H,1,1,0,0,1,0,0,0,0,1,1,0,0,1,1,0,1,0,0,0,0,0,0,0,1,1,0,0,0,0,0,1,0,1,0,1,0,1,1,1,1,0,0,1,0,1,1,1,1,0
67,14_nd_A_B_OC,1,1,1,1,1,1,1,1,0,1,1,0,0,1,1,1,0,1,1,1,0,1,1,1,1,1,1,1,0,1,1,1,0,0,0,1,0,1,1,1,1,0,0,0,1,0,1,0,0,1
68,12_nd_A_B_OC,1,0,0,1,1,1,1,1,0,1,1,1,0,0,1,1,1,1,1,1,1,1,0,0,0,1,0,0,1,1,0,1,1,0,0,1,0,0,1,0,0,0,0,0,1,1,1,0,0,0
69,12_A_B_OC,1,1,1,1,1,1,0,0,1,0,1,1,0,0,0,1,0,1,1,0,0,1,1,1,1,0,1,1,1,0,0,1,1,0,1,0,1,1,0,1,1,0,0,0,1,0,1,0,0,0
70,18_A_B_OC,0,0,1,1,0,1,0,1,0,1,0,0,0,1,1,0,0,1,1,0,0,1,0,1,0,1,0,1,1,1,0,1,1,0,0,1,0,0,0,0,0,0,1,1,1,1,0,0,1,0
71,16_A_B_OC,1,1,1,1,1,1,0,1,0,1,1,0,1,0,1,0,0,0,1,1,1,1,1,0,0,0,0,0,0,1,0,0,0,0,1,1,1,1,0,0,1,0,0,0,0,1,1,1,0,1
72,19_nd_A_B_OC,1,1,0,0,0,1,1,0,0,0,1,1,1,1,1,1,1,0,1,1,0,1,0,1,0,1,0,0,1,1,0,1,0,0,1,1,0,0,0,0,1,0,1,1,0,1,0,1,0,0
73,15_A_B_H,1,0,1,1,1,1,1,1,0,0,0,1,1,0,1,1,0,0,1,0,1,0,0,0,1,1,1,0,0,0,0,0,1,0,0,0,1,1,1,0,0,1,0,0,0,1,1,0,1,1
74,25_A_B_OC,1,0,0,1,1,1,1,1,0,0,0,1,0,0,0,0,0,0,1,1,0,1,0,1,0,1,1,0,1,1,0,1,0,1,0,1,1,1,0,1,0,1,0,0,0,0,0,0,0,0
75,7_A_B_H,1,0,1,1,1,0,1,0,0,1,1,0,1,1,0,0,0,0,1,0,0,1,0,1,0,0,0,0,1,1,0,0,1,0,1,0,1,0,0,0,0,0,0,0,0,1,0,0,1,0
76,1_nd_A_B_OC,1,0,1,0,0,0,0,0,1,0,1,1,1,0,0,1,0,1,0,1,0,1,0,0,0,1,0,0,0,1,1,1,1,0,0,1,1,0,0,1,0,0,0,1,0,0,0,1,0,1
77,39_A_B_OC,0,1,1,1,0,1,1,1,0,0,1,1,1,1,1,0,1,0,1,1,0,1,1,1,1,0,0,0,1,1,0,0,1,1,0,0,0,0,1,0,1,1,0,1,1,1,1,0,0,1
78,15_nd_A_B_OC,1,0,0,1,0,0,0,1,0,1,1,1,1,1,1,1,1,0,1,1,0,0,1,1,0,1,0,1,0,0,0,0,0,0,1,1,1,0,1,0,1,0,0,0,0,1,0,0,0,0
79,18_A_B_H,1,0,1,0,1,0,0,1,0,0,0,0,1,0,0,1,0,0,0,0,0,1,0,1,0,0,0,0,1,1,0,0,1,0,0,0,0,0,0,0,1,1,0,0,0,1,0,0,1,1
80,8_nd_A_B_OC,0,0,0,1,1,1,0,1,1,0,0,0,1,0,0,1,1,0,0,1,1,0,0,1,0,0,0,0,0,0,1,1,1,1,0,0,0,0,0,0,1,0,0,0,1,1,0,0,0,0
81,1_nd_A_B_H,1,1,1,1,1,1,1,0,0,0,0,0,1,0,1,1,1,1,1,1,1,1,1,0,0,1,1,0,1,1,0,0,1,0,0,1,1,0,1,0,1,0,0,1,1,1,0,0,0,1
82,28_A_B_H,0,0,1,1,1,1,0,0,0,0,1,1,0,1,0,0,0,0,0,0,1,0,1,0,1,0,0,0,0,1,1,1,1,0,1,1,1,1,0,0,1,0,0,1,0,1,1,0,0,0
83,3_nd_A_B_OC,1,1,0,1,1,1,1,1,0,1,0,1,0,0,0,0,0,1,1,0,0,0,0,0,0,1,1,0,0,1,0,0,0,0,0,0,0,1,1,0,0,0,0,0,0,0,0,0,1,1
84,34_A_B_H,0,1,1,0,1,1,1,1,1,1,1,1,1,1,0,0,1,0,1,0,1,0,0,0,0,0,0,0,1,1,1,0,1,0,1,0,1,1,1,0,1,0,1,0,0,0,0,0,1,0
85,16_nd_A_B_OC,1,1,1,0,1,1,0,1,0,0,0,1,0,1,1,1,0,0,1,0,0,0,0,1,0,0,0,1,0,0,0,0,1,1,0,1,0,1,1,1,0,0,0,0,1,0,1,0,0,0
86,31_A_B_H,0,1,1,0,1,1,1,0,0,1,0,1,1,1,1,0,1,1,1,0,0,1,1,0,0,0,0,1,1,1,1,1,1,1,1,1,0,0,0,0,0,1,0,1,1,1,0,0,0,0
87,9_nh_A_B_H,1,0,1,1,0,0,1,0,1,1,1,1,1,1,1,1,0,0,1,1,1,1,1,0,0,0,0,0,1,1,0,0,0,1,1,1,0,0,1,1,1,0,1,1,1,0,1,0,0,1
88,13_A_B_OC,0,1,0,1,1,1,0,1,0,1,0,0,1,0,0,0,1,1,1,0,0,1,0,1,1,0,1,0,1,0,1,1,0,1,0,1,0,0,0,0,1,0,0,1,1,0,0,0,1,0
89,29_A_B_OC,0,0,0,1,0,1,1,0,0,0,0,0,1,0,0,1,1,0,1,0,1,0,1,1,1,1,1,1,1,0,1,1,1,1,1,0,0,1,0,1,1,1,0,0,1,0,0,0,1,1
90,24_nd_A_B_H,1,0,1,1,1,0,1,0,0,0,1,1,0,1,0,0,0,1,1,1,0,0,1,1,1,1,0,1,1,0,1,1,1,0,0,1,1,0,0,0,1,0,1,0,0,1,0,1,1,1
91,36_A_B_H,0,0,0,1,1,1,1,1,1,1,1,0,1,0,0,1,0,1,1,0,0,0,1,1,1,0,0,0,1,0,0,1,1,1,1,0,0,1,0,0,1,1,0,0,0,0,1,1,1,0
92,20_nd_A_B_H,1,1,1,1,1,0,1,1,1,0,0,1,0,1,1,1,0,0,0,1,1,1,1,1,1,0,0,0,1,1,1,1,0,1,1,1,0,1,1,1,0,0,1,0,1,0,0,1,1,0
93,50_A_B_H,0,0,1,1,1,1,1,0,0,0,1,1,1,1,1,0,1,0,0,0,1,0,1,1,1,0,1,0,1,1,1,1,1,0,0,0,0,1,1,1,1,1,1,0,1,1,1,1,1,1
94,6_nd_A_B_OC,1,1,1,0,1,1,1,0,1,1,1,1,0,1,1,1,1,0,1,1,0,1,0,0,1,1,0,0,1,0,1,1,1,0,1,1,0,0,1,0,0,0,0,0,1,0,1,0,1,1
95,51_A_B_H,1,1,1,1,1,1,1,0,0,0,1,1,1,0,0,1,1,0,1,0,0,0,1,1,1,1,1,1,1,1,1,1,1,0,0,0,0,1,0,1,0,1,0,0,1,0,1,1,1,1
96,13_nd_A_B_H,1,1,1,1,1,0,1,0,0,1,0,0,1,1,0,1,1,1,0,0,1,0,1,1,1,1,1,0,0,0,0,1,0,1,0,1,0,1,0,1,1,0,1,0,1,1,1,1,1,1
97,36_A_B_OC,1,1,0,1,1,1,1,0,1,0,0,1,1,0,1,1,1,1,1,0,0,1,0,0,0,1,0,0,1,1,1,1,1,0,1,1,1,1,1,0,1,0,1,1,1,0,0,0,1,1
98,19_A_B_H,1,1,1,1,0,1,1,0,0,0,0,1,1,1,1,0,1,0,1,0,1,0,1,1,1,0,1,0,0,1,1,1,1,0,1,1,1,1,1,1,1,1,0,0,0,0,1,1,1,0
99,9_nd_A_B_H,1,0,0,0,1,1,1,1,0,1,0,0,1,0,0,1,0,1,0,0,1,1,0,1,1,0,1,0,0,1,1,1,1,0,1,1,0,1,1,0,1,0,0,1,1,0,1,1,1,1
100,21_nh_A_B_H,1,0,0,1,0,1,0,0,0,1,1,1,1,0,1,1,0,1,0,0,1,1,0,1,0,0,0,0,0,0,1,0,1,0,0,1,0,1,0,0,0,1,0,0,0,1,0,0,0,0
101,13_A_B_H,1,0,1,0,1,0,1,1,1,0,0,1,1,1,1,1,0,1,0,0,1,0,0,1,0,1,0,1,0,1,1,1,1,0,0,1,1,0,0,1,0,0,0,0,1,1,0,1,0,0
102,11_A_B_OC,1,0,1,0,0,1,1,0,1,0,1,0,1,1,0,1,1,1,0,0,1,0,1,0,0,0,0,1,1,1,0,0,1,0,0,1,0,1,0,0,0,0,0,0,1,0,1,0,0,0
103,6_nd_A_B_H,1,1,1,1,1,1,1,0,0,0,0,1,1,0,0,0,1,1,1,1,1,0,1,1,1,0,0,0,0,1,0,1,1,0,1,0,1,1,1,1,0,1,0,0,1,0,0,1,1,1
104,5_A_B_H,1,0,0,1,1,1,0,1,0,0,1,1,0,0,1,1,0,0,1,1,0,1,1,0,0,0,0,0,1,1,0,0,1,1,0,0,0,1,1,0,1,0,0,0,0,0,1,0,0,0
105,15_nd_A_B_H,1,1,1,1,1,1,0,1,0,0,0,1,1,1,1,0,1,0,0,0,1,1,0,0,1,0,0,0,0,1,0,0,0,0,1,1,0,1,0,1,0,0,0,0,1,0,1,0,0,0
106,12_nd_A_B_H,1,1,1,1,1,1,1,0,1,1,1,1,0,1,0,0,1,1,1,1,0,0,0,0,1,0,1,0,1,0,1,0,1,0,0,1,1,0,0,1,0,0,0,0,1,1,0,1,0,0
107,18_nd_A_B_OC,0,0,1,1,1,1,0,1,0,1,0,1,0,0,1,1,0,1,0,1,0,1,0,0,0,0,0,1,1,0,1,0,1,1,1,1,0,0,0,0,1,0,0,0,1,1,1,1,0,1
108,22_nd_A_B_H,0,1,1,1,1,1,1,1,1,0,1,1,0,1,1,1,0,0,1,0,1,0,0,0,0,1,1,0,1,0,0,1,1,1,1,1,0,1,1,1,1,0,0,1,1,0,1,1,0,0
109,28_A_B_OC,1,0,1,1,0,0,1,1,0,0,0,1,0,0,0,1,0,1,1,0,0,0,0,0,1,1,0,0,1,0,0,1,1,0,1,0,1,0,1,1,1,0,0,1,1,1,0,1,0,0
110,22_nd_A_B_OC,0,1,0,1,0,1,0,0,0,0,1,0,1,0,1,1,0,0,0,0,0,1,1,0,0,0,0,1,1,0,1,0,1,0,1,0,0,0,1,0,1,0,0,1,1,1,0,1,1,1
111,20_A_B_H,1,1,1,1,1,1,1,0,0,0,1,1,1,1,0,1,1,0,1,0,1,0,1,1,0,0,1,1,1,1,1,1,1,0,0,0,0,1,1,0,0,0,1,0,0,1,1,1,1,0
112,44_A_B_H,0,0,1,0,1,1,1,1,0,0,0,1,1,1,0,1,1,1,1,1,1,0,0,0,1,1,1,0,1,1,1,1,1,1,1,0,1,0,0,1,0,0,0,1,1,0,0,0,1,1
113,8_A_B_H,1,1,0,1,0,1,1,1,1,0,1,1,0,0,0,1,0,0,1,1,1,1,0,1,1,0,0,1,1,1,1,0,1,0,0,0,0,0,0,0,0,0,0,0,1,0,0,0,0,1
114,23_A_B_H,1,1,1,1,1,1,1,0,0,0,0,1,1,0,1,1,1,1,1,0,1,1,0,1,1,0,1,0,1,1,1,1,1,0,1,0,1,0,1,1,1,0,0,0,0,0,0,0,0,0
115,30_A_B_H,0,0,1,1,1,1,1,1,0,0,1,1,1,1,0,1,1,1,1,0,1,1,0,0,1,0,1,1,0,1,0,1,1,0,1,1,1,1,1,0,1,0,0,1,1,0,1,1,1,1
116,16_A_B_H,1,1,0,1,0,1,0,1,0,1,0,0,0,1,0,0,0,0,0,1,0,0,0,0,0,0,0,0,1,0,0,0,0,1,1,0,1,0,0,0,1,0,1,0,0,1,0,0,1,1
117,26_A_B_H,0,0,0,0,0,0,0,0,0,0,0,1,1,1,0,0,1,0,1,1,0,1,0,0,1,0,0,0,0,1,0,0,1,0,0,0,0,0,0,0,0,1,0,0,0,1,0,0,0,1
118,26_A_B_OC,1,0,1,1,0,1,1,1,1,1,0,1,1,0,0,1,1,1,0,0,1,0,1,0,0,0,1,0,0,1,1,0,0,0,0,1,1,0,1,0,0,1,0,1,1,1,1,1,1,1
119,22_A_B_OC,0,1,1,1,0,0,0,1,0,1,1,0,0,1,0,1,1,0,1,0,0,1,0,1,0,0,0,1,0,1,0,1,1,1,0,0,0,1,1,1,0,0,0,0,0,1,0,0,0,1
120,20_A_B_OC,1,0,1,1,1,0,1,1,1,0,0,1,1,1,0,0,1,0,1,1,0,1,1,1,0,0,0,1,1,1,1,0,1,0,0,1,0,1,1,0,0,1,0,0,0,1,0,1,1,0
121,39_A_B_H,0,0,1,0,1,0,0,0,0,0,0,0,1,1,0,0,0,0,1,0,1,0,0,1,1,0,1,0,0,1,0,1,1,0,1,0,1,1,1,1,1,1,0,1,1,0,0,1,0,0
122,1_A_B_H,0,1,1,1,1,0,1,0,0,1,0,1,1,1,0,1,1,0,1,1,1,1,1,1,0,0,1,0,1,1,0,0,1,0,0,1,1,1,1,1,0,0,1,1,1,0,0,1,0,1
123,23_A_B_OC,0,1,1,1,1,1,1,1,0,1,1,1,0,1,1,1,1,1,0,1,1,0,1,1,1,0,1,0,1,1,1,0,1,0,1,1,0,1,0,0,1,1,1,0,1,0,0,1,0,1
124,37_A_B_OC,1,1,1,1,1,1,1,0,1,1,1,0,1,1,1,0,1,1,1,1,1,0,0,1,1,0,0,0,1,0,1,0,0,1,1,1,1,0,1,1,1,0,0,1,1,0,0,1,0,0
125,27_A_B_H,0,0,1,0,1,1,0,1,0,1,1,1,1,1,1,0,1,0,1,0,0,1,1,1,0,1,1,1,0,0,1,1,1,0,0,1,1,1,1,1,1,1,0,1,1,1,0,1,1,0
126,2_nd_A_B_H,1,1,1,1,1,0,1,1,0,0,1,1,1,0,1,0,1,1,1,0,1,1,0,1,0,1,1,1,1,1,1,0,1,0,1,0,0,1,0,1,1,1,1,0,1,1,0,1,1,0
127,11_A_B_H,0,1,1,1,1,1,1,0,0,1,1,1,0,1,1,1,0,0,0,0,1,1,1,1,0,1,1,1,0,1,1,0,0,1,1,1,1,0,1,0,1,0,0,0,1,1,1,1,1,0
128,17_nd_A_B_OC,1,0,0,0,1,1,0,1,0,0,1,0,1,1,0,0,0,0,0,1,1,0,0,1,1,0,0,0,0,1,1,1,0,0,1,0,0,1,0,0,1,0,0,1,0,1,0,0,1,0
129,22_A_B_H,1,0,1,1,1,1,1,1,0,0,0,1,1,1,0,0,1,1,1,0,1,1,1,1,0,1,1,1,1,1,1,1,1,0,1,1,0,1,1,1,0,1,0,0,1,1,0,1,1,0
130,16_nd_A_B_H,1,1,1,1,1,0,1,1,1,0,0,0,1,0,1,0,0,0,1,0,0,0,1,1,1,0,0,0,1,0,1,1,1,1,1,1,0,1,1,1,1,0,1,1,0,0,0,1,0,0
131,33_A_B_H,1,1,1,1,0,1,1,0,0,1,0,1,0,1,0,0,1,0,0,0,1,0,1,1,0,0,1,1,1,1,1,1,1,0,1,0,1,0,1,1,1,0,0,1,0,0,1,1,0,0
132,8_nd_A_B_H,0,1,0,1,1,1,1,1,0,1,1,1,0,1,1,1,1,1,1,0,1,1,1,1,1,1,0,1,1,0,1,0,1,0,1,1,1,0,0,1,1,1,1,0,1,1,1,1,1,1
133,42_A_B_H,0,1,1,1,1,1,1,0,0,0,0,1,1,1,0,0,1,1,1,0,1,0,0,1,0,0,1,0,1,1,0,1,1,0,1,1,1,1,1,1,1,0,0,0,1,1,0,1,1,0
134,45_A_B_H,0,0,1,0,1,0,1,0,0,1,1,1,1,0,1,1,0,0,1,0,0,0,0,1,0,0,0,0,1,1,0,0,1,0,1,0,0,1,1,0,1,1,0,0,1,0,1,0,0,1
135,32_A_B_H,1,0,1,1,1,0,1,0,1,0,0,1,0,0,0,1,0,1,1,0,0,1,1,1,0,0,1,0,1,1,1,1,1,0,0,1,0,1,0,0,0,0,0,0,1,0,1,0,0,1
136,9_A_B_OC,0,0,1,1,0,1,1,0,0,0,0,0,0,1,1,1,0,1,0,1,1,1,0,0,1,0,0,1,1,0,0,0,0,0,0,0,0,0,0,0,0,1,1,1,0,0,0,0,0,0
137,17_A_B_OC,1,0,1,1,1,1,1,1,0,1,1,1,1,1,1,0,1,1,0,0,1,1,1,0,0,0,0,0,1,1,0,0,1,0,1,1,1,1,1,0,1,0,0,0,1,0,1,0,0,1
138,24_A_B_H,0,0,1,1,1,1,1,1,1,1,0,0,1,1,0,1,1,1,1,1,1,0,0,1,1,1,1,1,0,1,0,1,1,1,1,0,0,1,1,0,1,0,1,0,1,0,0,1,0,0
