graph_name,tcr_sequence,degree_centrality,betweenness_centrality,closeness_centrality,eigenvector_centrality,pagerank,clustering_coefficient
3_A_B_OC,mean,0.0008514915872701197,3.581996803972143e-05,0.005127271763574195,0.0008640236594871799,7.395902669920844e-05,0.25434508717374343
3_A_B_OC,CAVRDSNYQLIW,,,,,,
3_A_B_OC,CVVSDRGSTLGRLYF,,,,,,
3_A_B_OC,CAVLDSNYQLIW,,,,,,
3_A_B_OC,CASSLGETQYF,0.0019230769230769232,0.0012457989043157438,0.02037911340350725,7.759297835035183e-18,0.0003297938980787532,0.19692307692307692
7_nd_A_B_H,mean,0.0007181617905599452,8.92070800961209e-05,0.02051602691626938,0.0009656621480440225,5.2689815058749025e-05,0.2830697286568597
7_nd_A_B_H,CAVRDSNYQLIW,,,,,,
7_nd_A_B_H,CVVSDRGSTLGRLYF,,,,,,
7_nd_A_B_H,CAVLDSNYQLIW,,,,,,
7_nd_A_B_H,CASSLGETQYF,0.0028980925281905366,0.0008718555158698453,0.0570391793977143,1.109166061273016e-16,0.00021153167748998126,0.2404040404040404
38_A_B_H,mean,0.00084796963096209,3.3490711188486295e-07,0.0015275630487454979,0.0008679442396743412,7.43660295976827e-05,0.2686772366300049
38_A_B_H,CAVRDSNYQLIW,0.0019336605681987207,5.648604131569585e-07,0.003170577045022194,5.998922585092191e-13,0.0001644297426156959,0.7938461538461539
38_A_B_H,CVVSDRGSTLGRLYF,0.0036442064554514353,8.81171212821701e-09,0.003645664721339971,1.0648989931968318e-07,0.00012047818203254002,0.9880952380952381
38_A_B_H,CAVLDSNYQLIW,0.002379889930090733,6.157340417072186e-07,0.003442340791738382,7.399035875190059e-13,0.00019004524598606137,0.7721774193548387
38_A_B_H,CASSLGETQYF,,,,,,
14_nd_A_B_H,mean,0.0008556444892613583,1.0404254311817162e-06,0.0016991137287384972,0.0009443789079989754,7.165890361877322e-05,0.22733328361885055
14_nd_A_B_H,CAVRDSNYQLIW,,,,,,
14_nd_A_B_H,CVVSDRGSTLGRLYF,,,,,,
14_nd_A_B_H,CAVLDSNYQLIW,,,,,,
14_nd_A_B_H,CASSLGETQYF,0.001003296545793321,0.00031076231549006725,0.005696736827869238,8.271036540160314e-18,0.00029745745286476635,0.18681318681318682
32_A_B_OC,mean,0.0008134119319369538,1.646697179321157e-06,0.0016977635438205577,0.0008494489446759498,6.722689075630098e-05,0.23001959226957785
32_A_B_OC,CAVRDSNYQLIW,,,,,,
32_A_B_OC,CVVSDRGSTLGRLYF,0.00040338846308995556,0.0,0.0004117923894043297,8.132624289873048e-20,9.97949512174297e-05,1.0
32_A_B_OC,CAVLDSNYQLIW,,,,,,
32_A_B_OC,CASSLGETQYF,0.0008067769261799111,4.7108844657903445e-05,0.0060656578641965515,2.850833632461169e-18,0.00022624697246595484,0.24242424242424243
1_A_B_OC,mean,0.0010520401910104587,1.4090027656635055e-05,0.003391449095466516,0.001401236877035313,0.00011433798307797853,0.2615594919890019
1_A_B_OC,CAVRDSNYQLIW,0.0005717552887364208,2.859430326674712e-08,0.0005717552887364208,1.4601256251099524e-53,0.00017141993072319756,0.9
1_A_B_OC,CVVSDRGSTLGRLYF,0.00034305317324185246,0.0,0.00034305317324185246,8.122958982072927e-61,0.00015845490771380948,1.0
1_A_B_OC,CAVLDSNYQLIW,0.0005717552887364208,2.859430326674712e-08,0.0005717552887364208,1.4601256251099524e-53,0.00017354300057877703,0.9
1_A_B_OC,CASSLGETQYF,,,,,,
13_nd_A_B_OC,mean,0.0007913303716020791,2.179418648057185e-06,0.0019188960476464745,0.0009485140866174804,6.367804381049212e-05,0.22599646866844808
13_nd_A_B_OC,CAVRDSNYQLIW,,,,,,
13_nd_A_B_OC,CVVSDRGSTLGRLYF,,,,,,
13_nd_A_B_OC,CAVLDSNYQLIW,,,,,,
13_nd_A_B_OC,CASSLGETQYF,0.0011462777813156721,0.0007098065370801232,0.008075244325150395,9.147815342212373e-45,0.0002640495489032299,0.27450980392156865
10_nd_A_B_OC,mean,0.0008581197160344515,2.4301467934179198e-05,0.004650153643292195,0.0009154206945014841,7.52671985548692e-05,0.2804011135276306
10_nd_A_B_OC,CAVRDSNYQLIW,0.00022581859239744075,0.0,0.00026883165761600085,5.882700418136278e-50,0.000124106907756156,0.3333333333333333
10_nd_A_B_OC,CVVSDRGSTLGRLYF,0.001806548739179526,0.0,0.0018065487391795258,9.378017775106838e-21,0.00010104470410240892,1.0
10_nd_A_B_OC,CAVLDSNYQLIW,,,,,,
10_nd_A_B_OC,CASSLGETQYF,0.0025592773805043286,0.007141707306278786,0.018752300026511095,8.403958661408298e-27,0.0003986657525422524,0.1925133689839572
7_nh_A_B_H,mean,0.0007063753728747929,0.00012058379815177076,0.030356435618041726,0.0007312645867992378,5.024368185700613e-05,0.28883845645319645
7_nh_A_B_H,CAVRDSNYQLIW,,,,,,
7_nh_A_B_H,CVVSDRGSTLGRLYF,,,,,,
7_nh_A_B_H,CAVLDSNYQLIW,,,,,,
7_nh_A_B_H,CASSLGETQYF,0.002612802733393629,0.0002975777579496818,0.06447903387942812,2.201935854827829e-08,0.00016526873340857963,0.2631975867269985
40_A_B_H,mean,0.0007569247431274406,6.74373702920423e-07,0.0023638483360379063,0.0008533990375455139,5.724753835585039e-05,0.2907161445813677
40_A_B_H,CAVRDSNYQLIW,0.0018892769221961413,1.7318390539336365e-06,0.003548621733051436,8.323414886499806e-08,0.00011587372797267837,0.8428030303030303
40_A_B_H,CVVSDRGSTLGRLYF,0.004751817713402416,0.0,0.005001448108870846,0.0017865368333567634,8.52844399934501e-05,0.9782544813399942
40_A_B_H,CAVLDSNYQLIW,0.0024617850804373965,2.4718735918265946e-07,0.003963699398696662,1.0860635842186877e-07,0.00012476231407843318,0.832779623477298
40_A_B_H,CASSLGETQYF,,,,,,
37_A_B_H,mean,0.0008200341799216356,1.1299844859677046e-06,0.00155019335253116,0.0007875510312370693,6.948787436592358e-05,0.26476907027186836
37_A_B_H,CAVRDSNYQLIW,0.0020152883947185543,5.360551054566355e-07,0.0029153309870205567,2.2934338302849882e-15,0.0001550795254977825,0.8596059113300493
37_A_B_H,CVVSDRGSTLGRLYF,0.002432244614315497,0.0,0.002432244614315497,8.284704365551933e-13,0.00010844659259479956,1.0
37_A_B_H,CAVLDSNYQLIW,0.0020847810979847115,3.710338380640498e-07,0.002975317221321391,2.3693967833554072e-15,0.0001506262220452547,0.8551724137931035
37_A_B_H,CASSLGETQYF,0.0006254343293954135,0.0004530895995836637,0.00412418360441554,5.093369526636441e-33,0.0002119689912193536,0.19444444444444445
11_nd_A_B_H,mean,0.000745168741331889,6.301939814992555e-05,0.013820477430060298,0.0007391348731088464,5.617977528089949e-05,0.27092009184701893
11_nd_A_B_H,CAVRDSNYQLIW,,,,,,
11_nd_A_B_H,CVVSDRGSTLGRLYF,0.0,0.0,0.0,4.3312443828118314e-42,1.0689414194204144e-05,0.0
11_nd_A_B_H,CAVLDSNYQLIW,,,,,,
11_nd_A_B_H,CASSLGETQYF,0.0017978538120119107,0.001309081142775018,0.045134380327155346,3.3228276878112386e-16,0.0001742726951220167,0.3165322580645161
43_A_B_H,mean,0.0007516231092462503,6.02019735565775e-07,0.002213947880682441,0.0008490741625735046,5.730659025788023e-05,0.2846369040415331
43_A_B_H,CAVRDSNYQLIW,0.0014900567367757466,2.1843934283032366e-06,0.0029487585270212575,3.647585195100605e-16,0.00011083342424864167,0.7753846153846153
43_A_B_H,CVVSDRGSTLGRLYF,0.003323972720499742,8.88384514836187e-09,0.0035767092670067053,1.5359623833511364e-07,8.897854036250832e-05,0.9497882637628554
43_A_B_H,CAVLDSNYQLIW,0.0020058456071981204,7.740109798721886e-07,0.0031294888883548182,5.09283445177142e-16,0.00012864863148422326,0.7764705882352941
43_A_B_H,CASSLGETQYF,0.0,0.0,0.0,2.5993059985309697e-58,1.3969041038749235e-05,0.0
18_nd_A_B_H,mean,0.0007389792419743712,7.090001387547551e-07,0.0016132191102646064,0.0007610940258231184,5.512983075142248e-05,0.2194385495990381
18_nd_A_B_H,CAVRDSNYQLIW,,,,,,
18_nd_A_B_H,CVVSDRGSTLGRLYF,,,,,,
18_nd_A_B_H,CAVLDSNYQLIW,,,,,,
18_nd_A_B_H,CASSLGETQYF,,,,,,
14_A_B_OC,mean,0.0008162335316430759,9.019568074180979e-06,0.001999044059261865,0.0009295189088823841,6.676458806249128e-05,0.23017614786730947
14_A_B_OC,CAVRDSNYQLIW,,,,,,
14_A_B_OC,CVVSDRGSTLGRLYF,,,,,,
14_A_B_OC,CAVLDSNYQLIW,,,,,,
14_A_B_OC,CASSLGETQYF,0.001135073779795687,0.002473068964359105,0.00695035802115603,2.5249050606312085e-25,0.00029286292309758775,0.22794117647058823
10_A_B_OC,mean,0.0009157155246785137,9.123333712256381e-06,0.0038649801730932694,0.0009345116942882099,8.555051758063244e-05,0.26751668990046995
10_A_B_OC,CAVRDSNYQLIW,0.0,0.0,0.0,5.716642317196879e-37,1.7451918575573095e-05,0.0
10_A_B_OC,CVVSDRGSTLGRLYF,0.0,0.0,0.0,5.716642317196879e-37,1.7451918575573095e-05,0.0
10_A_B_OC,CAVLDSNYQLIW,,,,,,
10_A_B_OC,CASSLGETQYF,,,,,,
11_nh_A_B_H,mean,0.0007865927650821935,0.00013582875941362186,0.017964589845895496,0.0009146793817835202,6.153088850602998e-05,0.2833510085352912
11_nh_A_B_H,CAVRDSNYQLIW,,,,,,
11_nh_A_B_H,CVVSDRGSTLGRLYF,0.0004922773983139499,0.0,0.0004922773983139499,8.000070280685443e-16,7.43725499821617e-05,1.0
11_nh_A_B_H,CAVLDSNYQLIW,,,,,,
11_nh_A_B_H,CASSLGETQYF,0.0027075256907267246,0.00046449063404015265,0.04444588742408465,4.409562628136708e-09,0.0002049910288939178,0.30761099365750527
2_A_B_H,mean,0.0013077781998418318,4.317285235627276e-06,0.0026060142510616934,0.0016635537890051706,0.000179115171054989,0.26562831068965176
2_A_B_H,CAVRDSNYQLIW,,,,,,
2_A_B_H,CVVSDRGSTLGRLYF,,,,,,
2_A_B_H,CAVLDSNYQLIW,,,,,,
2_A_B_H,CASSLGETQYF,0.0014331780723754925,0.0001208604264392489,0.0066932142957240245,1.787907771330845e-43,0.0005095694276874642,0.32142857142857145
7_nd_A_B_OC,mean,0.0010605673754885483,0.0001775823840490051,0.010100513286997638,0.0012495889062263791,0.00011503508570113865,0.2798646588236748
7_nd_A_B_OC,CAVRDSNYQLIW,,,,,,
7_nd_A_B_OC,CVVSDRGSTLGRLYF,0.0,0.0,0.0,6.792634313565746e-30,2.169799483508804e-05,0.0
7_nd_A_B_OC,CAVLDSNYQLIW,,,,,,
7_nd_A_B_OC,CASSLGETQYF,0.00310630464795214,0.00042009970223044724,0.02688939832387538,1.0351407823001327e-10,0.000368400080762901,0.39316239316239315
4_nd_A_B_H,mean,0.0007926829929032574,2.928665931773604e-05,0.0037160019662015363,0.0008131414432158119,6.288517167651821e-05,0.24235514090581586
4_nd_A_B_H,CAVRDSNYQLIW,,,,,,
4_nd_A_B_H,CVVSDRGSTLGRLYF,0.00018866737941009996,0.0,0.0001886673794101,7.110028901855018e-29,9.105131858680171e-05,1.0
4_nd_A_B_H,CAVLDSNYQLIW,,,,,,
4_nd_A_B_H,CASSLGETQYF,0.0018866737941009998,0.0008085957075818082,0.013991388294670263,1.5067502648396253e-18,0.0003053531272506669,0.22298850574712645
10_nh_A_B_H,mean,0.0007742718473577937,2.1631194055448536e-05,0.0034394229172986877,0.0008536771999912576,5.785697755149248e-05,0.24879647997079596
10_nh_A_B_H,CAVRDSNYQLIW,,,,,,
10_nh_A_B_H,CVVSDRGSTLGRLYF,,,,,,
10_nh_A_B_H,CAVLDSNYQLIW,,,,,,
10_nh_A_B_H,CASSLGETQYF,,,,,,
3_A_B_H,mean,0.0007127649007309677,8.916607751823847e-05,0.013039350707539315,0.0007859087237040861,5.184570717544649e-05,0.27011253125252416
3_A_B_H,CAVRDSNYQLIW,,,,,,
3_A_B_H,CVVSDRGSTLGRLYF,,,,,,
3_A_B_H,CAVLDSNYQLIW,,,,,,
3_A_B_H,CASSLGETQYF,0.001970239021102297,0.007503871064656824,0.03577678942028458,5.381636766511631e-22,0.00021484693052065655,0.22048364153627312
40_A_B_OC,mean,0.0008791877892998234,1.4267515905990951e-05,0.003637691916738611,0.0008888748858367403,7.91828331617715e-05,0.24984780039586946
40_A_B_OC,CAVRDSNYQLIW,,,,,,
40_A_B_OC,CVVSDRGSTLGRLYF,,,,,,
40_A_B_OC,CAVLDSNYQLIW,,,,,,
40_A_B_OC,CASSLGETQYF,0.0019005384859043396,0.002687728250870339,0.01586765973269736,2.921970221624175e-19,0.00031165020131816495,0.27898550724637683
35_A_B_H,mean,0.0009020044140262132,3.22218623850034e-07,0.0015979618387385304,0.0009770363446435179,8.21827744904661e-05,0.26127166920496575
35_A_B_H,CAVRDSNYQLIW,0.0024656858716199555,1.0577292332907548e-06,0.0031347530648919656,1.3221522357373066e-10,0.0001924042268181709,0.9172413793103448
35_A_B_H,CVVSDRGSTLGRLYF,0.003780718336483932,2.7401013467287357e-09,0.0037949434472817393,7.973864028753627e-08,0.00014621079007428805,0.978743961352657
35_A_B_H,CAVLDSNYQLIW,0.0025478754006739543,1.4811463341879046e-08,0.003101226294144458,1.4015040878409565e-10,0.00018550657434566678,0.9698924731182795
35_A_B_H,CASSLGETQYF,0.0006575162324319882,5.135145645294417e-06,0.001134092830006293,2.492401082630108e-23,0.0002975292244687851,0.25
48_A_B_H,mean,0.0007900680983747663,3.9190470604540815e-07,0.001891285441173038,0.0008002816720077162,6.400819304871086e-05,0.2698431274245865
48_A_B_H,CAVRDSNYQLIW,0.0016003072589937269,0.0,0.002510000071828973,1.1636032706485721e-09,0.00012653578679732997,0.8833333333333333
48_A_B_H,CVVSDRGSTLGRLYF,0.0037127128408654462,1.3189447765543602e-08,0.003728230971861749,2.7170886944009525e-05,0.00010563542197771982,0.9866908650937689
48_A_B_H,CAVLDSNYQLIW,0.001984381001152221,2.309975387276507e-07,0.0026685263921550134,1.3812451619282272e-09,0.0001578469442781197,0.8
48_A_B_H,CASSLGETQYF,0.00032006145179874534,1.9206145809302088e-07,0.00047434748497352517,1.3283892299722686e-18,0.00014925632725743533,0.5
8_nh_A_B_H,mean,0.000770433462805662,0.00015823547410897116,0.03321803856144434,0.0008647651922758601,5.986231667165508e-05,0.2841653746642316
8_nh_A_B_H,CAVRDSNYQLIW,,,,,,
8_nh_A_B_H,CVVSDRGSTLGRLYF,,,,,,
8_nh_A_B_H,CAVLDSNYQLIW,,,,,,
8_nh_A_B_H,CASSLGETQYF,0.004549808429118773,0.00037258900273447844,0.07192346014995782,2.282409114438137e-06,0.00019723736610548247,0.29543859649122806
25_A_B_H,mean,0.0007491941518625277,4.900342541550303e-07,0.0015216665080316264,0.0007858553547643943,5.661231884057824e-05,0.2549877984084574
25_A_B_H,CAVRDSNYQLIW,0.0018683122912302554,5.4035269868690895e-08,0.003223754541730637,3.0481448091457467e-08,0.00010947252967403907,0.8712121212121212
25_A_B_H,CVVSDRGSTLGRLYF,0.002887391722810395,3.671207824563486e-09,0.0028915092154632436,2.1423810523483485e-06,9.11874743804326e-05,0.9921568627450981
25_A_B_H,CAVLDSNYQLIW,0.0022080054350903018,1.4730854697690404e-07,0.003461294350068684,3.45751834858776e-08,0.0001302525589262912,0.7692307692307693
25_A_B_H,CASSLGETQYF,,,,,,
21_A_B_OC,mean,0.0007411605440591511,4.2629324123117985e-06,0.0024627560875851934,0.000774367324331229,5.454049631851714e-05,0.23867332110263584
21_A_B_OC,CAVRDSNYQLIW,,,,,,
21_A_B_OC,CVVSDRGSTLGRLYF,0.0004363477691720301,0.0,0.0004363477691720301,4.120881546782622e-21,8.045719177204016e-05,1.0
21_A_B_OC,CAVLDSNYQLIW,,,,,,
21_A_B_OC,CASSLGETQYF,0.000927239009490564,0.0001956822321280446,0.011907599946198215,6.637415280696137e-19,0.00018125734565391165,0.23529411764705882
21_nd_A_B_OC,mean,0.0013825366428802614,5.6436415206690684e-05,0.004380436472875244,0.001567212246955068,0.00020032051282051322,0.3082404834741529
21_nd_A_B_OC,CAVRDSNYQLIW,,,,,,
21_nd_A_B_OC,CVVSDRGSTLGRLYF,,,,,,
21_nd_A_B_OC,CAVLDSNYQLIW,,,,,,
21_nd_A_B_OC,CASSLGETQYF,,,,,,
2_nd_A_B_OC,mean,0.0011903314769804833,1.624719607820269e-05,0.00491643778525655,0.0013354719969695093,0.00014692918013517524,0.2769813869819821
2_nd_A_B_OC,CAVRDSNYQLIW,,,,,,
2_nd_A_B_OC,CVVSDRGSTLGRLYF,,,,,,
2_nd_A_B_OC,CAVLDSNYQLIW,,,,,,
2_nd_A_B_OC,CASSLGETQYF,0.004114621601763409,0.00019640147125995146,0.021660905566539452,1.6848627040973595e-17,0.0005176249353642267,0.34656084656084657
21_nd_A_B_H,mean,0.0009013193843344312,8.253480809453374e-07,0.001609001523687461,0.0011277775737729941,8.251505899826499e-05,0.22107519251167945
21_nd_A_B_H,CAVRDSNYQLIW,,,,,,
21_nd_A_B_H,CVVSDRGSTLGRLYF,,,,,,
21_nd_A_B_H,CAVLDSNYQLIW,,,,,,
21_nd_A_B_H,CASSLGETQYF,0.0004951312097705892,0.00017095723249667917,0.0026503683291077273,6.260943086803701e-44,0.00019293006371754744,0.26666666666666666
6_A_B_H,mean,0.0007476275618354643,2.135025532286127e-06,0.0016839762511200868,0.000809675052900962,5.564520616548835e-05,0.22750905512155345
6_A_B_H,CAVRDSNYQLIW,0.0001669449081803005,0.0,0.0001669449081803005,7.044143909357149e-46,9.002997979032295e-05,1.0
6_A_B_H,CVVSDRGSTLGRLYF,0.0007790762381747357,0.0,0.0007790762381747357,3.1241723467692225e-29,8.932894695320087e-05,1.0
6_A_B_H,CAVLDSNYQLIW,,,,,,
6_A_B_H,CASSLGETQYF,0.0008347245409015024,0.00037586800587762175,0.005838645329557149,5.233991678533241e-36,0.0002608716309961365,0.18095238095238095
25_nd_A_B_H,mean,0.0009463474765502227,7.394358551514636e-06,0.0030450519916726095,0.0012898958800380105,9.186954524575096e-05,0.2455522866280094
25_nd_A_B_H,CAVRDSNYQLIW,,,,,,
25_nd_A_B_H,CVVSDRGSTLGRLYF,,,,,,
25_nd_A_B_H,CAVLDSNYQLIW,,,,,,
25_nd_A_B_H,CASSLGETQYF,0.002113193678794561,0.000810179672338411,0.015196234410213871,3.5214079729777994e-50,0.00040026522336217106,0.20948616600790515
46_A_B_H,mean,0.0007504930824079739,6.703682500826257e-07,0.0023532464158050096,0.0007676444745781311,5.766347595432707e-05,0.29512980373041214
46_A_B_H,CAVRDSNYQLIW,0.0016146704342310133,3.3320807035738357e-07,0.0032802781506909096,2.0037079511378306e-11,0.00010731571550656441,0.828042328042328
46_A_B_H,CVVSDRGSTLGRLYF,0.004440343694135286,1.6719590177049638e-08,0.0045341833070337775,0.0011087575546881623,9.110903518746317e-05,0.9514695830485305
46_A_B_H,CAVLDSNYQLIW,0.0023643388501239835,1.0159142888930879e-06,0.0034604449430584022,2.7077634683181256e-11,0.0001510827019003002,0.6817073170731708
46_A_B_H,CASSLGETQYF,0.00011533360244507237,0.0,0.00011533360244507237,4.725433215792329e-34,0.00012500565284746535,0.0
47_A_B_H,mean,0.0008483871390307703,6.888493197937529e-07,0.0022309753752649923,0.0009432821717903487,7.354022650390107e-05,0.2843811934784631
47_A_B_H,CAVRDSNYQLIW,0.0027947341325292347,9.267383664247243e-08,0.003673694161373474,3.872864719876392e-09,0.00013033964743680785,0.9317211948790897
47_A_B_H,CVVSDRGSTLGRLYF,0.0038243730234610576,2.0596275211874402e-08,0.003835785277178282,2.7563296943476397e-07,0.00012336693231845646,0.9532428355957768
47_A_B_H,CAVLDSNYQLIW,0.003383099213061705,1.3386349733966708e-07,0.0038620887337516008,4.530034588366825e-09,0.00015948550333224243,0.8676328502415459
47_A_B_H,CASSLGETQYF,0.0001470912701331176,0.0,0.00024024907455075874,3.785828911228569e-32,0.00012504671704444302,0.0
13_nh_A_B_H,mean,0.0007334129567925213,0.00013356223472408567,0.03682221244798689,0.000810061630788823,5.372300419039428e-05,0.29197083253357947
13_nh_A_B_H,CAVRDSNYQLIW,,,,,,
13_nh_A_B_H,CVVSDRGSTLGRLYF,0.0003223553430398109,0.0,0.0003223553430398109,8.98254983579564e-15,6.211779433759604e-05,1.0
13_nh_A_B_H,CAVLDSNYQLIW,,,,,,
13_nh_A_B_H,CASSLGETQYF,0.003384731101918014,0.0015534414609199969,0.07739080839696702,8.628040632457341e-08,0.00020481237705809993,0.2565284178187404
41_A_B_OC,mean,0.0007290417845907105,5.8096865072493335e-05,0.00788904403254949,0.0007496105003748693,5.419466724474347e-05,0.2620103225623298
41_A_B_OC,CAVRDSNYQLIW,,,,,,
41_A_B_OC,CVVSDRGSTLGRLYF,5.419760446588261e-05,0.0,7.226347262117681e-05,1.943424868984804e-43,6.169815444072507e-05,0.0
41_A_B_OC,CAVLDSNYQLIW,,,,,,
41_A_B_OC,CASSLGETQYF,0.0023304969920329524,0.0017330145438848785,0.027636471686389535,1.2295225545126286e-18,0.0002188406933722975,0.28792912513842744
14_A_B_H,mean,0.0007295858538676227,5.94094143382191e-06,0.0023535781866818066,0.0007543108631154192,5.2424639580604236e-05,0.23758923148464733
14_A_B_H,CAVRDSNYQLIW,,,,,,
14_A_B_H,CVVSDRGSTLGRLYF,0.00031456432840515884,0.0,0.00031456432840515884,4.718209426129466e-27,7.744973577014531e-05,1.0
14_A_B_H,CAVLDSNYQLIW,,,,,,
14_A_B_H,CASSLGETQYF,0.0015728216420257944,5.5541966954239825e-05,0.01005210642903582,6.840306964455595e-19,0.00022585415828510778,0.2988505747126437
41_A_B_H,mean,0.0007512565155136755,6.177204658222264e-07,0.0023268748236833607,0.0008063462310856759,5.71559213534519e-05,0.29292957798698765
41_A_B_H,CAVRDSNYQLIW,0.0017147756501857674,1.0279801076339438e-08,0.0029162851193635497,7.44346610179214e-09,9.356801246251405e-05,0.871264367816092
41_A_B_H,CVVSDRGSTLGRLYF,0.004629894255501572,8.497140467446214e-08,0.004867982528191406,0.00212870213594025,9.071371126698191e-05,0.917283950617284
41_A_B_H,CAVLDSNYQLIW,0.002286367533581023,7.48090247632276e-08,0.003098992138889941,9.591716950829623e-09,0.0001234379332783733,0.7974358974358975
41_A_B_H,CASSLGETQYF,0.00011431837667905116,0.0,0.00011431837667905116,1.2953891973199606e-26,0.00012370497386355705,0.0
10_nd_A_B_H,mean,0.0007770260776491663,1.120446905548679e-05,0.0034953064030207076,0.0008385017560173163,5.875440658049334e-05,0.24737581882777473
10_nd_A_B_H,CAVRDSNYQLIW,,,,,,
10_nd_A_B_H,CVVSDRGSTLGRLYF,0.00011751571772724602,0.0,0.00011751571772724602,9.065196106981736e-31,8.343519899454296e-05,1.0
10_nd_A_B_H,CAVLDSNYQLIW,,,,,,
10_nd_A_B_H,CASSLGETQYF,,,,,,
29_A_B_H,mean,0.0008432196875046775,3.9037583083174834e-07,0.0018457150128509605,0.0009481904028463129,7.02592566570647e-05,0.26633939523219985
29_A_B_H,CAVRDSNYQLIW,0.002529510961214165,2.425413752326492e-07,0.0034790602876606253,1.3581710825275265e-07,0.00017808105454982981,0.8174603174603174
29_A_B_H,CVVSDRGSTLGRLYF,0.00484822934232715,3.116002886952458e-08,0.004889710613110113,0.0001912513734427132,0.00012113261970868527,0.9552429667519181
29_A_B_H,CAVLDSNYQLIW,0.0025997751545812253,4.823431700579893e-08,0.003515940785409678,1.418072494953568e-07,0.0001773073524138238,0.8438438438438438
29_A_B_H,CASSLGETQYF,,,,,,
4_A_B_H,mean,0.0007687345726021172,7.331142485793032e-06,0.002112989635944564,0.000877027820898959,5.846243788365915e-05,0.23374607211828555
4_A_B_H,CAVRDSNYQLIW,,,,,,
4_A_B_H,CVVSDRGSTLGRLYF,0.0007015902712815716,5.31569935022532e-09,0.0007057664038487238,2.705176771097197e-28,8.843980963055005e-05,0.9848484848484849
4_A_B_H,CAVLDSNYQLIW,,,,,,
4_A_B_H,CASSLGETQYF,,,,,,
24_nh_A_B_H,mean,0.0007568203244121231,0.0002452003857555065,0.04521427944232664,0.0009318332334196979,5.514199062586182e-05,0.28447221957365
24_nh_A_B_H,CAVRDSNYQLIW,,,,,,
24_nh_A_B_H,CVVSDRGSTLGRLYF,,,,,,
24_nh_A_B_H,CAVLDSNYQLIW,,,,,,
24_nh_A_B_H,CASSLGETQYF,0.0030881217602294034,0.004699165040457351,0.08553217045755072,5.3748958322992255e-06,0.00018109794347733116,0.22142857142857142
23_nd_A_B_H,mean,0.000870569415098769,2.960307354186708e-05,0.006212056338917851,0.0008784336640749301,7.771819382917567e-05,0.26971844822301416
23_nd_A_B_H,CAVRDSNYQLIW,,,,,,
23_nd_A_B_H,CVVSDRGSTLGRLYF,,,,,,
23_nd_A_B_H,CAVLDSNYQLIW,,,,,,
23_nd_A_B_H,CASSLGETQYF,,,,,,
15_A_B_OC,mean,0.0008301408363119952,6.115488801974029e-05,0.0073867249993171,0.0012018848263617135,6.784720808738707e-05,0.25052459906865127
15_A_B_OC,CAVRDSNYQLIW,,,,,,
15_A_B_OC,CVVSDRGSTLGRLYF,,,,,,
15_A_B_OC,CAVLDSNYQLIW,,,,,,
15_A_B_OC,CASSLGETQYF,0.0012891844212240466,0.0006647679110265951,0.027441586467554235,4.160939884371884e-15,0.00020114698471030375,0.3508771929824561
5_nd_A_B_OC,mean,0.0008115101352822494,2.7032666290973317e-05,0.004994148212803178,0.0008541457795689638,6.746727836998965e-05,0.26396326009855436
5_nd_A_B_OC,CAVRDSNYQLIW,,,,,,
5_nd_A_B_OC,CVVSDRGSTLGRLYF,0.0004723028135753323,0.0,0.0004723028135753323,1.876411385433825e-29,8.952774379483792e-05,1.0
5_nd_A_B_OC,CAVLDSNYQLIW,,,,,,
5_nd_A_B_OC,CASSLGETQYF,0.0020916267458336146,0.0009664925074468671,0.018000274964660074,3.353259423472912e-19,0.00027665150321982794,0.23225806451612904
4_A_B_OC,mean,0.0010933826926948166,2.45590965089675e-05,0.005696854487931567,0.001171500708523503,0.00012283503255128338,0.2807470299044866
4_A_B_OC,CAVRDSNYQLIW,,,,,,
4_A_B_OC,CVVSDRGSTLGRLYF,,,,,,
4_A_B_OC,CAVLDSNYQLIW,,,,,,
4_A_B_OC,CASSLGETQYF,0.002211302211302211,0.0008891888477791948,0.019786988219538736,1.4111675239291154e-26,0.0003889648280222804,0.26143790849673204
5_nd_A_B_H,mean,0.000771521073438886,6.236223971659172e-06,0.002672681702838661,0.0007900730866580766,5.9559261465158596e-05,0.24544828702220722
5_nd_A_B_H,CAVRDSNYQLIW,,,,,,
5_nd_A_B_H,CVVSDRGSTLGRLYF,0.0001786884269462148,0.0,0.00017868842694621477,6.389961945323118e-22,8.817376899397083e-05,1.0
5_nd_A_B_H,CAVLDSNYQLIW,,,,,,
5_nd_A_B_H,CASSLGETQYF,0.0014890702245517898,0.0018610610316210036,0.008991935855835485,1.471421704382355e-14,0.0003006074832463439,0.21666666666666667
38_A_B_OC,mean,0.0008047157398876989,0.0001122783220515986,0.011152032320229753,0.0009124549953113488,6.325910931174157e-05,0.2569148936170428
38_A_B_OC,CAVRDSNYQLIW,0.0,0.0,0.0,1.1556469975944589e-55,1.248463306309157e-05,0.0
38_A_B_OC,CVVSDRGSTLGRLYF,0.00012652622255962547,0.0,0.00012652622255962547,9.791665375987876e-44,8.23476469998375e-05,1.0
38_A_B_OC,CAVLDSNYQLIW,,,,,,
38_A_B_OC,CASSLGETQYF,,,,,,
4_nd_A_B_OC,mean,0.0009330089859270166,7.878741508816707e-07,0.001659023197272433,0.0010267032958228284,8.970218873340444e-05,0.2345098840649806
4_nd_A_B_OC,CAVRDSNYQLIW,,,,,,
4_nd_A_B_OC,CVVSDRGSTLGRLYF,0.00026913070781376156,0.0,0.00026913070781376156,7.793005895950561e-57,0.00014717843624166723,1.0
4_nd_A_B_OC,CAVLDSNYQLIW,,,,,,
4_nd_A_B_OC,CASSLGETQYF,0.0008971023593792052,6.000985469924795e-05,0.004687149437897205,2.681594900831866e-44,0.0002952713214852767,0.26666666666666666
19_nd_A_B_H,mean,0.0007241692759954636,1.1278445839417986e-06,0.0016531215355546824,0.0007880225685827312,5.213764337852068e-05,0.21879454436963253
19_nd_A_B_H,CAVRDSNYQLIW,,,,,,
19_nd_A_B_H,CVVSDRGSTLGRLYF,,,,,,
19_nd_A_B_H,CAVLDSNYQLIW,,,,,,
19_nd_A_B_H,CASSLGETQYF,0.0007299650659575577,4.3748189928203246e-05,0.004578010329714099,1.8061877542631554e-27,0.00021728270680791966,0.2857142857142857
17_nd_A_B_H,mean,0.0008051227127371286,9.184501548724317e-06,0.002211297801292414,0.0008929637452443703,6.294850812035748e-05,0.2322764397675804
17_nd_A_B_H,CAVRDSNYQLIW,,,,,,
17_nd_A_B_H,CVVSDRGSTLGRLYF,0.00012590494176896444,0.0,0.00012590494176896444,4.383803519091452e-27,9.672469902476009e-05,1.0
17_nd_A_B_H,CAVLDSNYQLIW,,,,,,
17_nd_A_B_H,CASSLGETQYF,,,,,,
12_A_B_H,mean,0.0007392342395282005,5.122111598462254e-05,0.007881978416954122,0.0007165776877477351,5.5114638447972036e-05,0.266666116591254
12_A_B_H,CAVRDSNYQLIW,,,,,,
12_A_B_H,CVVSDRGSTLGRLYF,0.0004409414099101582,0.0,0.0004409414099101582,3.1376317550595454e-16,7.015340039418911e-05,1.0
12_A_B_H,CAVLDSNYQLIW,,,,,,
12_A_B_H,CASSLGETQYF,0.001708647963401863,0.003098178628032274,0.024923625076334176,1.0248218006888933e-12,0.00023098886821906788,0.23655913978494625
2_A_B_OC,mean,0.0009004857477795103,1.8472180930626566e-05,0.0036354579584445177,0.0008707304430850704,8.260366760284082e-05,0.26080732261154127
2_A_B_OC,CAVRDSNYQLIW,,,,,,
2_A_B_OC,CVVSDRGSTLGRLYF,,,,,,
2_A_B_OC,CAVLDSNYQLIW,,,,,,
2_A_B_OC,CASSLGETQYF,0.0020652622883106154,0.001694012337196439,0.015263936428567043,9.448477937607561e-18,0.00036558459106099384,0.19666666666666666
45_A_B_OC,mean,0.000791960689268612,7.212959087895831e-05,0.006350098917071448,0.0010477767981079116,6.423020104052886e-05,0.26126282654376576
45_A_B_OC,CAVRDSNYQLIW,,,,,,
45_A_B_OC,CVVSDRGSTLGRLYF,,,,,,
45_A_B_OC,CAVLDSNYQLIW,0.0,0.0,0.0,7.962366717864976e-37,1.296671096395954e-05,0.0
45_A_B_OC,CASSLGETQYF,0.0021839671120246662,0.000993792964587723,0.02252841829875907,1.401309147601679e-14,0.0002467943526628048,0.28342245989304815
7_A_B_OC,mean,0.0008773352835452245,1.0681566059740874e-05,0.002759138274157608,0.0008774164267101989,7.831466833737827e-05,0.2511797182291104
7_A_B_OC,CAVRDSNYQLIW,,,,,,
7_A_B_OC,CVVSDRGSTLGRLYF,0.00015664160401002505,0.0,0.00015664160401002505,1.64220731647558e-33,0.00011432630423824925,1.0
7_A_B_OC,CAVLDSNYQLIW,,,,,,
7_A_B_OC,CASSLGETQYF,,,,,,
6_A_B_OC,mean,0.0011411107837545867,4.264858538960022e-06,0.00245635727177712,0.0012701059476460303,0.00013422818791946337,0.266545126892127
6_A_B_OC,CAVRDSNYQLIW,,,,,,
6_A_B_OC,CVVSDRGSTLGRLYF,,,,,,
6_A_B_OC,CAVLDSNYQLIW,,,,,,
6_A_B_OC,CASSLGETQYF,0.0006712310377231843,0.00026850779525382,0.008570399931656475,7.920154062020786e-27,0.0002325435049988903,0.3
9_A_B_H,mean,0.000738850886341729,9.21538790590309e-06,0.0033397174347720364,0.0007950609465157867,5.519068381257085e-05,0.24271645763796953
9_A_B_H,CAVRDSNYQLIW,,,,,,
9_A_B_H,CVVSDRGSTLGRLYF,0.00044154983993818304,0.0,0.00044154983993818304,1.0055066065642142e-37,7.982380268112838e-05,1.0
9_A_B_H,CAVLDSNYQLIW,,,,,,
9_A_B_H,CASSLGETQYF,0.0015454244397836406,0.0017917176892627822,0.016958835093808314,4.898538683207196e-30,0.00024935192553656105,0.21164021164021163
9_nd_A_B_OC,mean,0.0008625689505413868,0.00016550186980528016,0.011983575077226128,0.0008821502432987219,7.696451935657659e-05,0.29343296053751217
9_nd_A_B_OC,CAVRDSNYQLIW,,,,,,
9_nd_A_B_OC,CVVSDRGSTLGRLYF,,,,,,
9_nd_A_B_OC,CAVLDSNYQLIW,,,,,,
9_nd_A_B_OC,CASSLGETQYF,0.0021551724137931034,0.0007155666151898385,0.029457961796829888,5.680911126463021e-17,0.0002761715757736761,0.29894179894179895
5_A_B_OC,mean,0.0007901022797257851,1.5689507917725938e-06,0.0017004850440250879,0.0010362225754774058,6.281407035175872e-05,0.22996490303332237
5_A_B_OC,CAVRDSNYQLIW,0.00012563603241409635,0.0,0.00012563603241409635,6.695874821121794e-39,0.00010193321606694671,1.0
5_A_B_OC,CVVSDRGSTLGRLYF,0.00031409008103524085,0.0,0.0003140900810352409,5.616906909146085e-32,9.901897999658878e-05,1.0
5_A_B_OC,CAVLDSNYQLIW,,,,,,
5_A_B_OC,CASSLGETQYF,0.0008166342106916263,5.138716905344307e-06,0.00446675193582449,8.2050149327685e-26,0.00018722631636268082,0.3333333333333333
19_A_B_OC,mean,0.0007114227073373564,7.545221114374838e-05,0.008030831526482797,0.0007246010645755027,5.1156128504195237e-05,0.2547177961148327
19_A_B_OC,CAVRDSNYQLIW,,,,,,
19_A_B_OC,CVVSDRGSTLGRLYF,,,,,,
19_A_B_OC,CAVLDSNYQLIW,,,,,,
19_A_B_OC,CASSLGETQYF,,,,,,
26_nd_A_B_H,mean,0.0007183532193648976,3.4614977987874845e-05,0.005648006187870157,0.0007812290016029071,5.17089818501476e-05,0.25296171343474294
26_nd_A_B_H,CAVRDSNYQLIW,,,,,,
26_nd_A_B_H,CVVSDRGSTLGRLYF,0.0,0.0,0.0,2.1040731223223684e-61,1.0530341376305978e-05,0.0
26_nd_A_B_H,CAVLDSNYQLIW,,,,,,
26_nd_A_B_H,CASSLGETQYF,0.0015513496742165685,0.00024299224077169718,0.02083354781135169,9.081054548775417e-25,0.0002065401020193971,0.2620689655172414
10_A_B_H,mean,0.0007946076607145459,4.821173970784767e-05,0.003052730788450608,0.0010249751931536144,6.223937262712361e-05,0.23203752797701327
10_A_B_H,CAVRDSNYQLIW,,,,,,
10_A_B_H,CVVSDRGSTLGRLYF,6.224324660774306e-05,0.0,6.224324660774306e-05,2.8269245811925966e-67,9.395626798534521e-05,0.0
10_A_B_H,CAVLDSNYQLIW,,,,,,
10_A_B_H,CASSLGETQYF,0.0016183244118013196,0.000524479618238068,0.01209663903755317,4.55689120180123e-36,0.0002714217043877491,0.28923076923076924
17_A_B_H,mean,0.0007243911787334493,0.00010568086140765495,0.017972636651733577,0.000689820811697955,5.328786102525882e-05,0.2781307232005156
17_A_B_H,CAVRDSNYQLIW,,,,,,
17_A_B_H,CVVSDRGSTLGRLYF,0.000692779110045297,0.0,0.0006927791100452971,8.577133987031597e-16,6.646293957944052e-05,1.0
17_A_B_H,CAVLDSNYQLIW,,,,,,
17_A_B_H,CASSLGETQYF,0.0025046629363176124,0.001520092640132301,0.04995193431363488,7.511124060638912e-12,0.00019520103599379845,0.30434782608695654
11_nd_A_B_OC,mean,0.0008187660102061352,2.4760559206563083e-06,0.0018491691748436666,0.0008748825976216456,6.60327522451136e-05,0.22818533898442936
11_nd_A_B_OC,CAVRDSNYQLIW,,,,,,
11_nd_A_B_OC,CVVSDRGSTLGRLYF,6.603711285742587e-05,0.0,6.603711285742587e-05,4.018894574980661e-38,0.0001054492705368434,0.0
11_nd_A_B_OC,CAVLDSNYQLIW,,,,,,
11_nd_A_B_OC,CASSLGETQYF,,,,,,
3_nd_A_B_H,mean,0.000746304152954004,4.672209452925558e-05,0.00647711787097432,0.0007254423927287191,5.6670066870679524e-05,0.25338500219659604
3_nd_A_B_H,CAVRDSNYQLIW,,,,,,
3_nd_A_B_H,CVVSDRGSTLGRLYF,0.00017001983564749222,0.0,0.00017001983564749222,3.1789859447117943e-26,7.574731431355029e-05,1.0
3_nd_A_B_H,CAVLDSNYQLIW,,,,,,
3_nd_A_B_H,CASSLGETQYF,,,,,,
12_nh_A_B_H,mean,0.0007759409599600233,0.00011989589900950772,0.018694096597830463,0.000807896091929337,6.106497313141147e-05,0.2713756271279714
12_nh_A_B_H,CAVRDSNYQLIW,,,,,,
12_nh_A_B_H,CVVSDRGSTLGRLYF,,,,,,
12_nh_A_B_H,CAVLDSNYQLIW,,,,,,
12_nh_A_B_H,CASSLGETQYF,0.002748091603053435,0.00048626357124216,0.05148244475821904,2.3214807485887047e-14,0.00023718176907145706,0.27474747474747474
14_nd_A_B_OC,mean,0.0008546817003991877,1.4083370111399716e-06,0.0017024058345502207,0.0011236053952102915,7.339449541284223e-05,0.22426577143507156
14_nd_A_B_OC,CAVRDSNYQLIW,,,,,,
14_nd_A_B_OC,CVVSDRGSTLGRLYF,,,,,,
14_nd_A_B_OC,CAVLDSNYQLIW,,,,,,
14_nd_A_B_OC,CASSLGETQYF,0.0005871990604815032,0.00023711172383616614,0.004002620396960103,3.0079830821255537e-41,0.0002226220978455957,0.32142857142857145
12_nd_A_B_OC,mean,0.0007942401805918235,4.290930802492653e-05,0.004023548481715642,0.0007986636133105743,6.397952655150477e-05,0.24527515950346362
12_nd_A_B_OC,CAVRDSNYQLIW,,,,,,
12_nd_A_B_OC,CVVSDRGSTLGRLYF,,,,,,
12_nd_A_B_OC,CAVLDSNYQLIW,,,,,,
12_nd_A_B_OC,CASSLGETQYF,0.0018555249856036856,0.0025698938510087983,0.01551130546019296,3.173820819084329e-20,0.00033109288082563715,0.23399014778325122
12_A_B_OC,mean,0.0007895860129527364,9.405185632876775e-06,0.0022695549218428295,0.0009096013929348544,6.147792942333848e-05,0.23018390781041617
12_A_B_OC,CAVRDSNYQLIW,,,,,,
12_A_B_OC,CVVSDRGSTLGRLYF,,,,,,
12_A_B_OC,CAVLDSNYQLIW,,,,,,
12_A_B_OC,CASSLGETQYF,0.0009222256378727328,0.00033246873166021103,0.011736468807769507,1.1875337196009973e-31,0.00021604489858170455,0.19047619047619047
18_A_B_OC,mean,0.0007609002399444376,7.821414892880644e-05,0.008995515891424026,0.000977427751736701,5.8930991808592794e-05,0.26063326788185454
18_A_B_OC,CAVRDSNYQLIW,,,,,,
18_A_B_OC,CVVSDRGSTLGRLYF,,,,,,
18_A_B_OC,CAVLDSNYQLIW,,,,,,
18_A_B_OC,CASSLGETQYF,,,,,,
16_A_B_OC,mean,0.0007756825380250089,9.985249758825491e-05,0.012305268201561331,0.0007256763981633035,6.205013651030132e-05,0.27724969589624565
16_A_B_OC,CAVRDSNYQLIW,,,,,,
16_A_B_OC,CVVSDRGSTLGRLYF,,,,,,
16_A_B_OC,CAVLDSNYQLIW,,,,,,
16_A_B_OC,CASSLGETQYF,0.002978591374495811,0.00046591289706518236,0.036819736896421776,7.56754329613862e-14,0.00025445787461623516,0.28634751773049644
19_nd_A_B_OC,mean,0.0007979213227612516,0.00012078736675510867,0.018335361431678278,0.0009105438342246059,6.516356053694782e-05,0.2823072533562163
19_nd_A_B_OC,CAVRDSNYQLIW,,,,,,
19_nd_A_B_OC,CVVSDRGSTLGRLYF,,,,,,
19_nd_A_B_OC,CAVLDSNYQLIW,,,,,,
19_nd_A_B_OC,CASSLGETQYF,0.002737047898338221,0.017751562807239447,0.051596966092398985,5.229996517273344e-16,0.00023702121948256303,0.32636469221835074
15_A_B_H,mean,0.0007953530987542133,2.8475139417589497e-05,0.005592899103783761,0.0007728019151526628,6.517630189663038e-05,0.27359816911408485
15_A_B_H,CAVRDSNYQLIW,,,,,,
15_A_B_H,CVVSDRGSTLGRLYF,0.0005214444009907443,0.0,0.0005214444009907443,5.96130862787359e-25,8.423581205427747e-05,1.0
15_A_B_H,CAVLDSNYQLIW,,,,,,
15_A_B_H,CASSLGETQYF,0.00149915265284839,0.0013108063334003523,0.016741426805777115,6.986113277824517e-19,0.00019684674358184164,0.30039525691699603
25_A_B_OC,mean,0.0008450116783007587,0.00011168950913970581,0.012143795793849554,0.0008132360203908023,7.283321194464673e-05,0.2810716188828715
25_A_B_OC,CAVRDSNYQLIW,,,,,,
25_A_B_OC,CVVSDRGSTLGRLYF,,,,,,
25_A_B_OC,CAVLDSNYQLIW,,,,,,
25_A_B_OC,CASSLGETQYF,0.002622186612280574,0.00023341075852750126,0.03489864680214869,2.151501431727636e-19,0.00025505048524371445,0.28888888888888886
7_A_B_H,mean,0.0008850761710187203,7.4720541041382e-06,0.0029006760163755277,0.0008943657488974623,8.032128514056323e-05,0.25155222381149756
7_A_B_H,CAVRDSNYQLIW,,,,,,
7_A_B_H,CVVSDRGSTLGRLYF,0.00040163868583821993,0.0,0.00040163868583821993,1.4490236374477044e-21,0.00011738199592956749,1.0
7_A_B_H,CAVLDSNYQLIW,,,,,,
7_A_B_H,CASSLGETQYF,0.0019278656920234559,0.0017405200095237802,0.01521791199026674,2.8181918722649157e-15,0.00031490011119296517,0.2971014492753623
1_nd_A_B_OC,mean,0.0008377739176373292,0.0001696162865994961,0.016441813059047187,0.0010027657492002612,7.13521227256513e-05,0.28070325025484794
1_nd_A_B_OC,CAVRDSNYQLIW,,,,,,
1_nd_A_B_OC,CVVSDRGSTLGRLYF,7.135721421435707e-05,0.0,7.135721421435707e-05,3.017804757101683e-37,8.701544505442225e-05,0.0
1_nd_A_B_OC,CAVLDSNYQLIW,,,,,,
1_nd_A_B_OC,CASSLGETQYF,0.0032110746396460683,0.0005802667344103079,0.03888640354164842,3.7385685534665767e-13,0.00026475326636194216,0.2737373737373737
39_A_B_OC,mean,0.0008019271233063594,4.256387384818862e-06,0.002522683327161845,0.0011481064860180098,6.279040562602033e-05,0.24315284658965258
39_A_B_OC,CAVRDSNYQLIW,,,,,,
39_A_B_OC,CVVSDRGSTLGRLYF,0.00031397174254317107,0.0,0.0003139717425431711,8.007338638681541e-21,9.149652989056436e-05,1.0
39_A_B_OC,CAVLDSNYQLIW,,,,,,
39_A_B_OC,CASSLGETQYF,,,,,,
15_nd_A_B_OC,mean,0.0008710300816202172,0.0001103183011490972,0.009328746069428,0.0008943492316195982,7.760962359332473e-05,0.2854948411530406
15_nd_A_B_OC,CAVRDSNYQLIW,,,,,,
15_nd_A_B_OC,CVVSDRGSTLGRLYF,0.0014746972989754734,5.175179775141994e-09,0.0014746972989754734,3.6123920465417697e-19,0.00010350005935080901,0.9707602339181286
15_nd_A_B_OC,CAVLDSNYQLIW,,,,,,
15_nd_A_B_OC,CASSLGETQYF,0.002871778950636448,0.0029377124648221342,0.030970430848400475,2.4775229060607386e-19,0.00031207836714221987,0.2552552552552553
18_A_B_H,mean,0.0011156744705314876,8.08112066462253e-06,0.00239061822733449,0.0013179894988833065,0.0001278935925310139,0.2509556465144352
18_A_B_H,CAVRDSNYQLIW,,,,,,
18_A_B_H,CVVSDRGSTLGRLYF,0.00025581990278843696,0.0,0.00025581990278843696,1.122053969922317e-28,0.00019835468751209552,1.0
18_A_B_H,CAVLDSNYQLIW,,,,,,
18_A_B_H,CASSLGETQYF,0.0020465592223074956,0.0005293921074534581,0.009225352285024545,2.257609970211682e-18,0.0004924473785067806,0.275
8_nd_A_B_OC,mean,0.0009799696538166781,0.00012433353994933166,0.01729810881910858,0.001132990987614783,9.897070467141703e-05,0.29644112417426405
8_nd_A_B_OC,CAVRDSNYQLIW,,,,,,
8_nd_A_B_OC,CVVSDRGSTLGRLYF,,,,,,
8_nd_A_B_OC,CAVLDSNYQLIW,,,,,,
8_nd_A_B_OC,CASSLGETQYF,,,,,,
1_nd_A_B_H,mean,0.0007336035518338323,8.181602591124008e-05,0.01364306406926208,0.0007063127712361724,5.466273095003869e-05,0.2646443782279221
1_nd_A_B_H,CAVRDSNYQLIW,,,,,,
1_nd_A_B_H,CVVSDRGSTLGRLYF,,,,,,
1_nd_A_B_H,CAVLDSNYQLIW,,,,,,
1_nd_A_B_H,CASSLGETQYF,0.00213196304597387,0.0011858428097718744,0.03984653102835697,1.7799929488535972e-17,0.0002206136079463456,0.2793522267206478
28_A_B_H,mean,0.000845580397975782,5.008344439998277e-07,0.0016081743248688037,0.0008954646426300153,7.245851749873271e-05,0.2611007698878678
28_A_B_H,CAVRDSNYQLIW,0.0013043478260869564,4.3484562523434275e-07,0.0029346092503987242,2.6399006057437013e-11,0.00013192885944359188,0.8627450980392157
28_A_B_H,CVVSDRGSTLGRLYF,0.002391304347826087,0.0,0.002393374741200828,4.5653560500246045e-09,0.00011605374239927044,0.9981060606060606
28_A_B_H,CAVLDSNYQLIW,0.0015942028985507246,1.5898047249264903e-07,0.003228070175438597,3.172743659390334e-11,0.00014531684961000842,0.7965367965367965
28_A_B_H,CASSLGETQYF,,,,,,
3_nd_A_B_OC,mean,0.0008019817699473055,1.103674352698521e-05,0.0029884108012361043,0.0009149536732259212,6.56987057354958e-05,0.2396505558520415
3_nd_A_B_OC,CAVRDSNYQLIW,,,,,,
3_nd_A_B_OC,CVVSDRGSTLGRLYF,,,,,,
3_nd_A_B_OC,CAVLDSNYQLIW,,,,,,
3_nd_A_B_OC,CASSLGETQYF,0.001314060446780552,0.0022174385064688998,0.016156361196901795,4.838349953410997e-31,0.0002661385839605813,0.22631578947368422
34_A_B_H,mean,0.0009345530854449876,4.6883491309402206e-07,0.0018656155520901671,0.0009893786550931344,9.071940488070318e-05,0.2707006081012664
34_A_B_H,CAVRDSNYQLIW,0.0028125567047722734,2.55114068256752e-07,0.003993385441809349,4.4972356424521665e-10,0.00018088951236498044,0.8774193548387097
34_A_B_H,CVVSDRGSTLGRLYF,0.004808564688804209,2.146307643872582e-08,0.004822404497630318,2.1075345664682923e-05,0.0001510491280891919,0.9760522496371553
34_A_B_H,CAVLDSNYQLIW,0.0033569225185991654,4.018397234586439e-07,0.004117693159842325,5.309895099527445e-10,0.00021447245507754968,0.8438438438438438
34_A_B_H,CASSLGETQYF,,,,,,
16_nd_A_B_OC,mean,0.0008184163648503065,5.9427695677698135e-06,0.0021748155227709863,0.0008587548955971195,6.85072275125026e-05,0.2397766108433916
16_nd_A_B_OC,CAVRDSNYQLIW,,,,,,
16_nd_A_B_OC,CVVSDRGSTLGRLYF,0.00041107152644560157,0.0,0.0004110715264456015,8.60775670746984e-30,0.00010414388820137171,1.0
16_nd_A_B_OC,CAVLDSNYQLIW,,,,,,
16_nd_A_B_OC,CASSLGETQYF,0.0010276788161140038,0.0010105841778792288,0.008440508825160087,1.947939037367126e-24,0.00023025750393400004,0.3047619047619048
31_A_B_H,mean,0.0008521930724367396,4.197252880247603e-07,0.0019202153049543292,0.0008950147074469258,7.399186089529984e-05,0.2695953216492776
31_A_B_H,CAVRDSNYQLIW,0.0036258694686991267,2.680904672588308e-08,0.004557790806749002,0.00012540829995262307,0.00013486572389338064,0.9719387755102041
31_A_B_H,CVVSDRGSTLGRLYF,0.003255882788219624,4.2850125461103145e-09,0.003280144209890411,1.1877952289624001e-05,0.00012553800513205338,0.9778012684989429
31_A_B_H,CAVLDSNYQLIW,0.004513837501849933,1.4918618133825492e-07,0.004830168743407309,0.0001494764286053723,0.0001682346772677876,0.8874316939890711
31_A_B_H,CASSLGETQYF,,,,,,
9_nh_A_B_H,mean,0.0007332810259769908,0.00011916922956554303,0.021919234837067907,0.0008193851671627948,5.420935653493823e-05,0.28450215668013623
9_nh_A_B_H,CAVRDSNYQLIW,,,,,,
9_nh_A_B_H,CVVSDRGSTLGRLYF,,,,,,
9_nh_A_B_H,CAVLDSNYQLIW,,,,,,
9_nh_A_B_H,CASSLGETQYF,0.003523799197658029,0.0014771345866753714,0.054496910801031924,6.015508831999763e-10,0.00024295642371522852,0.24375
13_A_B_OC,mean,0.000860409281513822,2.6194951556052956e-06,0.0018136613696234445,0.0009251313005246663,7.580926389204784e-05,0.22945336177623019
13_A_B_OC,CAVRDSNYQLIW,,,,,,
13_A_B_OC,CVVSDRGSTLGRLYF,,,,,,
13_A_B_OC,CAVLDSNYQLIW,,,,,,
13_A_B_OC,CASSLGETQYF,,,,,,
29_A_B_OC,mean,0.0008537545938150933,1.526441665739318e-06,0.001766016381377694,0.0008607515445594805,7.383888355607971e-05,0.2266650892533757
29_A_B_OC,CAVRDSNYQLIW,,,,,,
29_A_B_OC,CVVSDRGSTLGRLYF,,,,,,
29_A_B_OC,CAVLDSNYQLIW,,,,,,
29_A_B_OC,CASSLGETQYF,,,,,,
24_nd_A_B_H,mean,0.0007980999803225882,5.101608126379112e-05,0.005676543109250058,0.0008784257966072214,6.532958777030108e-05,0.2484501987721428
24_nd_A_B_H,CAVRDSNYQLIW,,,,,,
24_nd_A_B_H,CVVSDRGSTLGRLYF,,,,,,
24_nd_A_B_H,CAVLDSNYQLIW,,,,,,
24_nd_A_B_H,CASSLGETQYF,0.0013720109760878086,0.002007465999381015,0.023393742379655556,2.2023482860722072e-26,0.00021414791188715518,0.26666666666666666
36_A_B_H,mean,0.0008758687858293753,3.4389836635409943e-07,0.001662001087961675,0.0009031657848583653,7.873395795606425e-05,0.2642358080024474
36_A_B_H,CAVRDSNYQLIW,0.0022834645669291337,5.896451276843293e-08,0.0030490167786618293,1.7623554591046263e-08,0.00017036653540636895,0.8768472906403941
36_A_B_H,CVVSDRGSTLGRLYF,0.004803149606299213,1.7915624440033943e-08,0.004813726642378657,0.0002049767009369981,0.00013796885950641675,0.9693989071038251
36_A_B_H,CAVLDSNYQLIW,0.0025196850393700786,3.380810671610048e-07,0.003182307129641582,1.888164435746759e-08,0.000190767067742747,0.8205645161290323
36_A_B_H,CASSLGETQYF,,,,,,
20_nd_A_B_H,mean,0.0007545329190911848,2.3641041013880896e-05,0.0030853153358814125,0.0007772850537466541,5.83566760037354e-05,0.236635679456972
20_nd_A_B_H,CAVRDSNYQLIW,,,,,,
20_nd_A_B_H,CVVSDRGSTLGRLYF,,,,,,
20_nd_A_B_H,CAVLDSNYQLIW,,,,,,
20_nd_A_B_H,CASSLGETQYF,0.001517362124306974,0.0021158187544214327,0.012033185007168637,1.7211749442053512e-28,0.00023944868026399023,0.28
50_A_B_H,mean,0.0008236521390663989,6.179345894733824e-07,0.002261982515221079,0.0009942815817325966,6.661337596589814e-05,0.2771161404543388
50_A_B_H,CAVRDSNYQLIW,0.0020651522217040837,7.429108068783993e-08,0.002699567433952092,1.369213802470705e-07,0.00012661179200661643,0.9225806451612903
50_A_B_H,CVVSDRGSTLGRLYF,0.00459662913863167,5.998698526601023e-08,0.004634282685450959,0.00014367606563346993,0.00011212122152684811,0.9305200341005968
50_A_B_H,CAVLDSNYQLIW,0.0025314769169275863,2.1582592638489906e-07,0.0029620253789196566,1.6277093454189215e-07,0.00015613312697675965,0.8492176386913229
50_A_B_H,CASSLGETQYF,,,,,,
6_nd_A_B_OC,mean,0.0007714305315541118,8.240680969925977e-05,0.007630077740815006,0.0008141653770205137,6.0584030049678906e-05,0.26373486335464885
6_nd_A_B_OC,CAVRDSNYQLIW,,,,,,
6_nd_A_B_OC,CVVSDRGSTLGRLYF,,,,,,
6_nd_A_B_OC,CAVLDSNYQLIW,,,,,,
6_nd_A_B_OC,CASSLGETQYF,0.0024840957285671007,0.004832996506958077,0.024321255659392898,4.2575814892381324e-18,0.0002451832256221069,0.2573170731707317
51_A_B_H,mean,0.0007917023704268939,2.865247012761171e-07,0.0016612444389271777,0.0008424257258753509,6.362132586843181e-05,0.2551576057366591
51_A_B_H,CAVRDSNYQLIW,0.0022905134567665587,4.3471390798013924e-07,0.0031176433161544826,3.796718039605591e-11,0.0001497326584462996,0.819047619047619
51_A_B_H,CVVSDRGSTLGRLYF,0.003626646306547051,7.122405803930957e-09,0.0035699935764519877,2.19836334516579e-07,0.00011412701672117228,0.9573934837092731
51_A_B_H,CAVLDSNYQLIW,0.0025450149519628427,1.2425240075269252e-07,0.003311687505956629,4.207341933649813e-11,0.0001609796593245481,0.8025641025641026
51_A_B_H,CASSLGETQYF,0.00038175224279442645,6.151235500093359e-07,0.000761406945793279,9.452533985578192e-27,0.0001818497849648819,0.2
13_nd_A_B_H,mean,0.0007445195668940626,3.1731686380593884e-06,0.002190197480278805,0.0007557944174527427,5.606323933396999e-05,0.2274734390412117
13_nd_A_B_H,CAVRDSNYQLIW,,,,,,
13_nd_A_B_H,CVVSDRGSTLGRLYF,,,,,,
13_nd_A_B_H,CAVLDSNYQLIW,,,,,,
13_nd_A_B_H,CASSLGETQYF,0.0007849293563579278,0.0007444117382273892,0.012674581172192985,3.645644635968459e-20,0.00017107283300192783,0.25274725274725274
36_A_B_OC,mean,0.0007919350681595864,6.816974638549806e-07,0.0016730327429228865,0.001035994177959645,6.355662895640313e-05,0.22826587353305958
36_A_B_OC,CAVRDSNYQLIW,,,,,,
36_A_B_OC,CVVSDRGSTLGRLYF,,,,,,
36_A_B_OC,CAVLDSNYQLIW,,,,,,
36_A_B_OC,CASSLGETQYF,0.0005720460179241086,6.377390277927432e-06,0.00179857263277449,2.0483736814288667e-52,0.00024304881529151414,0.2222222222222222
19_A_B_H,mean,0.0008088177316327413,6.113599791319376e-07,0.0021722889276849697,0.0008756258807859107,6.71952694530315e-05,0.28490204467947944
19_A_B_H,CAVRDSNYQLIW,0.001142396344331698,3.4193670656794503e-07,0.002466214092029115,1.2978656320985259e-12,0.00012631143295803755,0.7132352941176471
19_A_B_H,CVVSDRGSTLGRLYF,0.003964787312680599,1.0438920663055233e-08,0.004134674409491328,0.0001327231911362779,0.00010243307559334258,0.9549970777323202
19_A_B_H,CAVLDSNYQLIW,0.0013439956992137626,3.8589804224457115e-07,0.002513382121111639,1.4893352217554653e-12,0.00014736505824174747,0.6842105263157895
19_A_B_H,CASSLGETQYF,0.0002015993548820644,2.0162645156954853e-07,0.00030545356800312784,2.491751550004537e-22,0.00015390828944237596,0.0
9_nd_A_B_H,mean,0.0007682140779367836,8.788267815708417e-05,0.010353932027185847,0.0008615241440991,6.0193824113646355e-05,0.2620785570344867
9_nd_A_B_H,CAVRDSNYQLIW,,,,,,
9_nd_A_B_H,CVVSDRGSTLGRLYF,,,,,,
9_nd_A_B_H,CAVLDSNYQLIW,,,,,,
9_nd_A_B_H,CASSLGETQYF,0.001926318324103058,0.005740820122333823,0.0357217080494418,3.903117159989451e-21,0.00023409573243007994,0.2600806451612903
21_nh_A_B_H,mean,0.000747188271563859,0.00019975515493928466,0.05368393572315892,0.0008661273685333639,5.474952094169168e-05,0.29173036250266915
21_nh_A_B_H,CAVRDSNYQLIW,,,,,,
21_nh_A_B_H,CVVSDRGSTLGRLYF,,,,,,
21_nh_A_B_H,CAVLDSNYQLIW,,,,,,
21_nh_A_B_H,CASSLGETQYF,0.0042159439334209375,0.0007759015398631944,0.1016354459425207,1.5739505656333897e-06,0.00020196334639071176,0.30758714969241285
13_A_B_H,mean,0.0007679045416240128,0.00010046987646960847,0.008614878052203907,0.001010246375843579,6.0317268834066924e-05,0.2717580324439775
13_A_B_H,CAVRDSNYQLIW,,,,,,
13_A_B_H,CVVSDRGSTLGRLYF,0.0008444927011702256,0.0,0.0008444927011702256,5.638484110574821e-17,7.71411016862821e-05,1.0
13_A_B_H,CAVLDSNYQLIW,,,,,,
13_A_B_H,CASSLGETQYF,0.0016286644951140064,0.0021244179153354875,0.026792921925124797,1.1542662752770995e-14,0.00020557236093087498,0.2564102564102564
11_A_B_OC,mean,0.000845715784566106,4.922158700447402e-06,0.001997376097747168,0.0010010251419928767,7.328154770628795e-05,0.23328228074192894
11_A_B_OC,CAVRDSNYQLIW,,,,,,
11_A_B_OC,CVVSDRGSTLGRLYF,,,,,,
11_A_B_OC,CAVLDSNYQLIW,,,,,,
11_A_B_OC,CASSLGETQYF,0.0011725906925613779,0.00044936982307468894,0.00689855722151076,3.96337844907671e-42,0.00035121388195337433,0.18333333333333332
6_nd_A_B_H,mean,0.0007253132857389244,4.79937988844929e-07,0.001577289104890878,0.0009233310766221306,5.343878587078345e-05,0.21592352852017804
6_nd_A_B_H,CAVRDSNYQLIW,,,,,,
6_nd_A_B_H,CVVSDRGSTLGRLYF,0.00010688328345446772,0.0,0.00010688328345446772,1.1523076895728438e-56,9.516783349571348e-05,1.0
6_nd_A_B_H,CAVLDSNYQLIW,,,,,,
6_nd_A_B_H,CASSLGETQYF,0.000374091492090637,2.7032331490420903e-05,0.0021005075879957876,1.609468365350813e-45,0.0001739598831166895,0.23809523809523808
5_A_B_H,mean,0.0007493475935450798,0.00013258225778932514,0.028990366345011714,0.0008548742267525467,5.6999544003647774e-05,0.2857117499969474
5_A_B_H,CAVRDSNYQLIW,0.0,0.0,0.0,1.5929910185690528e-34,1.0063300001122856e-05,0.0
5_A_B_H,CVVSDRGSTLGRLYF,0.0,0.0,0.0,1.5929910185690528e-34,1.0063300001122856e-05,0.0
5_A_B_H,CAVLDSNYQLIW,,,,,,
5_A_B_H,CASSLGETQYF,0.003135153622527504,0.0014821214285153865,0.0689515259294693,6.200073727856735e-10,0.00019045504644685915,0.3212121212121212
15_nd_A_B_H,mean,0.0008388099107163085,2.0291294456728083e-05,0.002765965584438688,0.0008661053925715349,7.120478496155033e-05,0.24020014008005122
15_nd_A_B_H,CAVRDSNYQLIW,,,,,,
15_nd_A_B_H,CVVSDRGSTLGRLYF,,,,,,
15_nd_A_B_H,CAVLDSNYQLIW,,,,,,
15_nd_A_B_H,CASSLGETQYF,0.0015666168197678559,0.0006846511671316643,0.011839096844356748,1.4595333455223386e-17,0.00028105705145124114,0.2943722943722944
12_nd_A_B_H,mean,0.0007898561446073076,4.228249683873349e-05,0.003109243382009475,0.0007787326510857814,6.35162601626008e-05,0.24784538548173152
12_nd_A_B_H,CAVRDSNYQLIW,,,,,,
12_nd_A_B_H,CVVSDRGSTLGRLYF,,,,,,
12_nd_A_B_H,CAVLDSNYQLIW,,,,,,
12_nd_A_B_H,CASSLGETQYF,0.001460966778885854,0.0006020951384257018,0.00933544353599014,1.9455230002892037e-17,0.00025586812046451523,0.25691699604743085
18_nd_A_B_OC,mean,0.0008810821877271777,3.226226540953688e-05,0.005282859392330653,0.0012871743352673673,7.659900421294537e-05,0.2594909973002736
18_nd_A_B_OC,CAVRDSNYQLIW,,,,,,
18_nd_A_B_OC,CVVSDRGSTLGRLYF,,,,,,
18_nd_A_B_OC,CAVLDSNYQLIW,,,,,,
18_nd_A_B_OC,CASSLGETQYF,,,,,,
22_nd_A_B_H,mean,0.0007639126869930185,5.584706444093037e-05,0.004893501363146575,0.00093449399105473,5.86751158833549e-05,0.2462774736802651
22_nd_A_B_H,CAVRDSNYQLIW,,,,,,
22_nd_A_B_H,CVVSDRGSTLGRLYF,0.00017603567656378357,0.0,0.0001760356765637836,5.879173700529041e-44,8.27860742022716e-05,1.0
22_nd_A_B_H,CAVLDSNYQLIW,,,,,,
22_nd_A_B_H,CASSLGETQYF,,,,,,
28_A_B_OC,mean,0.0009185690990790859,4.64279950736571e-06,0.0021794724347040466,0.0010231118362859727,8.633341966675098e-05,0.251195252642935
28_A_B_OC,CAVRDSNYQLIW,0.0002590226213089277,0.0,0.0002590226213089276,8.350092668425583e-37,0.0001281795688869386,1.0
28_A_B_OC,CVVSDRGSTLGRLYF,0.0006043861163874979,0.0,0.0006043861163874979,2.8018261663638504e-29,0.0001280603900751649,1.0
28_A_B_OC,CAVLDSNYQLIW,0.0002590226213089277,0.0,0.0002590226213089276,8.350092668425583e-37,0.00012894638139941748,1.0
28_A_B_OC,CASSLGETQYF,0.0013814539803142809,0.0003311699462943779,0.00687955684299975,5.32499460037063e-27,0.00035557736094234235,0.21666666666666667
22_nd_A_B_OC,mean,0.0007943034543594783,6.911015106269631e-05,0.013340881117600567,0.0008188915924767362,6.453694740238742e-05,0.2807095076528287
22_nd_A_B_OC,CAVRDSNYQLIW,,,,,,
22_nd_A_B_OC,CVVSDRGSTLGRLYF,,,,,,
22_nd_A_B_OC,CAVLDSNYQLIW,,,,,,
22_nd_A_B_OC,CASSLGETQYF,,,,,,
20_A_B_H,mean,0.0007650530157273016,5.030546184710218e-07,0.0021177189147114474,0.0009631103705513567,5.922065616487008e-05,0.28137286423490293
20_A_B_H,CAVRDSNYQLIW,0.0010068107787977495,4.4477625164234e-09,0.002312897172942444,6.823189222146586e-23,9.02616988754853e-05,0.9191176470588235
20_A_B_H,CVVSDRGSTLGRLYF,0.0047971572401539824,4.6023123267775534e-08,0.005043846865899239,1.6056113184281306e-06,0.0001005206094578303,0.924074074074074
20_A_B_H,CAVLDSNYQLIW,0.001658276576843352,4.949635807517103e-08,0.0026170589929458343,1.0343920410224706e-22,0.0001417557441173618,0.7486772486772487
20_A_B_H,CASSLGETQYF,0.00017767249037607344,5.92311788772482e-07,0.00025749636286387454,7.58915756519975e-48,0.000130305700511148,0.3333333333333333
44_A_B_H,mean,0.0007896967924625628,5.918698013525633e-07,0.002226822668273047,0.0010328218423389076,6.365372374283854e-05,0.288547230137698
44_A_B_H,CAVRDSNYQLIW,0.0014641288433382138,1.9388130835383706e-08,0.002685972333944834,4.0664603132222934e-19,9.832905721060949e-05,0.9169960474308301
44_A_B_H,CVVSDRGSTLGRLYF,0.004392386530014641,0.0,0.004483932474256492,2.8724315306229607e-05,0.00010208285046132348,0.96845694799659
44_A_B_H,CAVLDSNYQLIW,0.002291679928703291,2.1307729967627663e-07,0.0030251565535897446,5.874014925855233e-19,0.00015117960565882833,0.7476190476190476
44_A_B_H,CASSLGETQYF,,,,,,
8_A_B_H,mean,0.0007447270933453532,0.00014223271842919716,0.02459248990274989,0.0009034225195792523,5.569169079973207e-05,0.28054820504379946
8_A_B_H,CAVRDSNYQLIW,,,,,,
8_A_B_H,CVVSDRGSTLGRLYF,0.0006683375104427736,0.0,0.0006683375104427736,9.974026861257109e-26,6.852885130467665e-05,1.0
8_A_B_H,CAVLDSNYQLIW,,,,,,
8_A_B_H,CASSLGETQYF,0.0032859927596769704,0.0008290352777306465,0.061877159725809566,2.3571031741523377e-14,0.0001958965107783858,0.3080070134424313
23_A_B_H,mean,0.0007730484836669212,3.199113359658104e-07,0.0016840753178879065,0.0008455496990350467,5.928385107896571e-05,0.2594649789408534
23_A_B_H,CAVRDSNYQLIW,0.001541471512420703,8.490621643670218e-08,0.0025733588836578786,8.463527573450161e-09,0.00012636057969686926,0.8615384615384616
23_A_B_H,CVVSDRGSTLGRLYF,0.0034386672200154146,0.0,0.0035859293868347624,2.0978063635615787e-05,0.00010020153061352912,0.9758015728977616
23_A_B_H,CAVLDSNYQLIW,0.0018971957075947115,1.6814997722309236e-07,0.00267518243660837,1.0150726628881966e-08,0.0001547483939673908,0.8004032258064516
23_A_B_H,CASSLGETQYF,0.00023714946344933894,7.115327551518053e-07,0.0005683853988106439,5.0097393460815047e-17,0.00015552579281470974,0.16666666666666666
30_A_B_H,mean,0.0007297895990934333,4.328241812621708e-07,0.002058711502429613,0.0007709075675153179,5.406866720735549e-05,0.27798467668936305
30_A_B_H,CAVRDSNYQLIW,0.0017302909051584298,3.650227103897587e-08,0.0030877059570820807,1.4659990342395267e-08,0.0001082296375441716,0.7903225806451613
30_A_B_H,CVVSDRGSTLGRLYF,0.003730939764247864,4.742453117671138e-08,0.0038401978239808064,5.8080845894436466e-05,9.220544273329618e-05,0.9087809036658141
30_A_B_H,CAVLDSNYQLIW,0.002216935222234238,0.0,0.003189275231986097,1.8727543376924656e-08,0.00012956946999755282,0.7731707317073171
30_A_B_H,CASSLGETQYF,,,,,,
16_A_B_H,mean,0.0007921281454274338,0.00021213974957153602,0.054156074052904866,0.000852359104865056,6.294454585510166e-05,0.2915217347868314
16_A_B_H,CAVRDSNYQLIW,,,,,,
16_A_B_H,CVVSDRGSTLGRLYF,0.0001258970162407151,0.0,0.0001258970162407151,3.4674680811761024e-16,7.220240812068467e-05,1.0
16_A_B_H,CAVLDSNYQLIW,,,,,,
16_A_B_H,CASSLGETQYF,0.003902807503462168,0.0006906147222170617,0.09598646712994115,9.345111991401102e-06,0.00019955416336621412,0.32363828662083555
26_A_B_H,mean,0.0013095199799267843,8.960243024548633e-07,0.0019796506859217655,0.0015773754296072903,0.00017934002869440295,0.2877193548710085
26_A_B_H,CAVRDSNYQLIW,0.0008968609865470851,0.0,0.002063787978031944,2.5126244300435965e-20,0.00027595254830866636,0.9
26_A_B_H,CVVSDRGSTLGRLYF,0.005201793721973094,1.570069879211779e-07,0.005201793721973094,7.361815353081464e-07,0.0003138380055651929,0.9679802955665024
26_A_B_H,CAVLDSNYQLIW,,,,,,
26_A_B_H,CASSLGETQYF,,,,,,
26_A_B_OC,mean,0.0007804475839231011,2.11990490482462e-06,0.002138495433866495,0.0008044852504091282,6.22858922454054e-05,0.23039024783215092
26_A_B_OC,CAVRDSNYQLIW,,,,,,
26_A_B_OC,CVVSDRGSTLGRLYF,,,,,,
26_A_B_OC,CAVLDSNYQLIW,,,,,,
26_A_B_OC,CASSLGETQYF,0.0009966363523109506,9.19114810975062e-05,0.007576275817303811,1.1024881194882176e-24,0.00022305705484147267,0.24166666666666667
22_A_B_OC,mean,0.0008805336975389147,5.178874922996134e-05,0.008609667842839138,0.0008607913738903317,7.931472081218284e-05,0.27478581520915696
22_A_B_OC,CAVRDSNYQLIW,,,,,,
22_A_B_OC,CVVSDRGSTLGRLYF,,,,,,
22_A_B_OC,CAVLDSNYQLIW,,,,,,
22_A_B_OC,CASSLGETQYF,,,,,,
20_A_B_OC,mean,0.0008849970505734443,1.477612026476175e-06,0.001817975346469052,0.0009869149592584316,7.77061154712895e-05,0.22405022979219458
20_A_B_OC,CAVRDSNYQLIW,,,,,,
20_A_B_OC,CVVSDRGSTLGRLYF,0.0,0.0,0.0,1.7770182601223756e-49,1.927624139118147e-05,0.0
20_A_B_OC,CAVLDSNYQLIW,0.0,0.0,0.0,1.7770182601223756e-49,1.927624139118147e-05,0.0
20_A_B_OC,CASSLGETQYF,0.0010102580043518806,4.64326228857137e-05,0.005894959960564647,6.167433295354827e-26,0.00022331442698988985,0.3717948717948718
39_A_B_H,mean,0.0010032145448985806,8.812683353462069e-07,0.0022987756700056762,0.001105008666878685,0.00010338054378166087,0.28845149206198206
39_A_B_H,CAVRDSNYQLIW,,,,,,
39_A_B_H,CVVSDRGSTLGRLYF,0.003825475599669148,0.0,0.003950325389765438,6.692947362942138e-06,0.00016738280602631692,0.9654654654654654
39_A_B_H,CAVLDSNYQLIW,,,,,,
39_A_B_H,CASSLGETQYF,,,,,,
1_A_B_H,mean,0.0008505287977382843,7.482071882332491e-05,0.006668486990900582,0.0008091024148919615,7.394808844191363e-05,0.27038621891828934
1_A_B_H,CAVRDSNYQLIW,,,,,,
1_A_B_H,CVVSDRGSTLGRLYF,0.0005916284573287975,0.0,0.0005916284573287975,1.8195168100318274e-21,9.661294703343449e-05,1.0
1_A_B_H,CAVLDSNYQLIW,,,,,,
1_A_B_H,CASSLGETQYF,,,,,,
23_A_B_OC,mean,0.0007581364901022222,6.346331929123641e-07,0.0016119742767107701,0.0008003146932035069,5.649398339076655e-05,0.2168429438785791
23_A_B_OC,CAVRDSNYQLIW,,,,,,
23_A_B_OC,CVVSDRGSTLGRLYF,,,,,,
23_A_B_OC,CAVLDSNYQLIW,,,,,,
23_A_B_OC,CASSLGETQYF,,,,,,
37_A_B_OC,mean,0.0007796024508998885,4.036544944872197e-06,0.002274196412053503,0.0009301428959313169,6.216199415677104e-05,0.23279353542374032
37_A_B_OC,CAVRDSNYQLIW,,,,,,
37_A_B_OC,CVVSDRGSTLGRLYF,6.216585851050602e-05,0.0,6.216585851050602e-05,1.0069649682509094e-76,9.423723493841274e-05,0.0
37_A_B_OC,CAVLDSNYQLIW,0.0,0.0,0.0,1.1447866293689337e-89,1.4163616308017024e-05,0.0
37_A_B_OC,CASSLGETQYF,0.0009324878776575903,0.00022400837985906474,0.009808818672277378,1.3821456346717152e-43,0.00021550862508837808,0.20952380952380953
27_A_B_H,mean,0.0007556984766581604,4.240784691227309e-07,0.001576826023912652,0.0007856597851724123,5.6954094999433725e-05,0.2616122096693941
27_A_B_H,CAVRDSNYQLIW,0.0017656775075468474,1.9080416279310408e-08,0.0031722026552260725,8.62107314156813e-09,0.00011030466793857861,0.8473118279569892
27_A_B_H,CVVSDRGSTLGRLYF,0.0031896109813749503,0.0,0.003190593004460349,2.735389606105018e-06,9.651591881295486e-05,0.9850649350649351
27_A_B_H,CAVLDSNYQLIW,0.002050464202312468,8.891324460403978e-09,0.0032893301378805733,9.894741278237214e-09,0.00012647450188410145,0.819047619047619
27_A_B_H,CASSLGETQYF,,,,,,
2_nd_A_B_H,mean,0.0007129599100824469,3.807858147917761e-05,0.006107550359888119,0.0007063381862734327,5.1427102082797796e-05,0.25025658839801934
2_nd_A_B_H,CAVRDSNYQLIW,,,,,,
2_nd_A_B_H,CVVSDRGSTLGRLYF,,,,,,
2_nd_A_B_H,CAVLDSNYQLIW,,,,,,
2_nd_A_B_H,CASSLGETQYF,0.001491462662003703,0.00025090438552978435,0.022109995610032043,3.509957415958293e-20,0.00020775978504933713,0.21674876847290642
11_A_B_H,mean,0.0007429843158795931,0.0001282148007462988,0.024716968448845848,0.0008351801500489751,5.54969754148402e-05,0.2899564735927228
11_A_B_H,CAVRDSNYQLIW,0.000111000111000111,0.0,0.000111000111000111,1.0781735051108505e-27,6.589538267628e-05,1.0
11_A_B_H,CVVSDRGSTLGRLYF,0.0002775002775002775,0.0,0.0002775002775002775,7.065917883094472e-23,6.601820059647172e-05,1.0
11_A_B_H,CAVLDSNYQLIW,,,,,,
11_A_B_H,CASSLGETQYF,,,,,,
17_nd_A_B_OC,mean,0.0010235227337099838,2.930792650845796e-06,0.0021087983476169685,0.0011328024250474153,0.00010751532093322927,0.24706491549578674
17_nd_A_B_OC,CAVRDSNYQLIW,,,,,,
17_nd_A_B_OC,CVVSDRGSTLGRLYF,,,,,,
17_nd_A_B_OC,CAVLDSNYQLIW,,,,,,
17_nd_A_B_OC,CASSLGETQYF,0.0015053763440860215,0.00016870164646931764,0.007937597685552166,7.203602587018635e-23,0.000432344335562511,0.27472527472527475
22_A_B_H,mean,0.0008194617336129462,6.890230218223107e-07,0.0023343568601489214,0.0008689209443491117,6.811525100469894e-05,0.2876675448394507
22_A_B_H,CAVRDSNYQLIW,0.0018392370572207085,1.4814299889908143e-07,0.0037479624854028803,3.6519373437182284e-09,0.00011460148556216976,0.9002849002849003
22_A_B_H,CVVSDRGSTLGRLYF,0.0035422343324250684,8.3083490649093e-08,0.0036431207532852763,3.941738575207397e-06,0.00011617942147402262,0.8763197586726998
22_A_B_H,CAVLDSNYQLIW,0.0026566757493188013,6.650697082192181e-07,0.00415615641945666,4.861410025548099e-09,0.00016125308733010073,0.7462887989203779
22_A_B_H,CASSLGETQYF,0.00020435967302452317,0.0,0.00021798365122615806,4.230666425261579e-24,0.00015764536073316536,0.3333333333333333
16_nd_A_B_H,mean,0.0008654135169864445,4.1387430893251605e-06,0.0018682360680724731,0.0009258105190786822,7.428868583314604e-05,0.2288860661053706
16_nd_A_B_H,CAVRDSNYQLIW,,,,,,
16_nd_A_B_H,CVVSDRGSTLGRLYF,0.0002228826151560178,0.0,0.00022288261515601782,1.0718992330283035e-22,0.00011596351089772343,1.0
16_nd_A_B_H,CAVLDSNYQLIW,,,,,,
16_nd_A_B_H,CASSLGETQYF,0.0010401188707280832,0.0015141026919053228,0.005371025180057484,1.4259780969844736e-18,0.00035583068374463574,0.16483516483516483
33_A_B_H,mean,0.0007768325724754941,8.683992911692988e-07,0.0026026834557494644,0.0008861055134493629,5.998080614203423e-05,0.31012730186376614
33_A_B_H,CAVRDSNYQLIW,0.002039469737868154,2.051867467784123e-06,0.0030793309528996146,4.3852745681241624e-08,0.00011961848805329482,0.7005347593582888
33_A_B_H,CVVSDRGSTLGRLYF,0.00545858076900006,4.5695617796452436e-08,0.005817333647097908,0.0039178091488782365,8.928254375980462e-05,0.9531135531135531
33_A_B_H,CAVLDSNYQLIW,0.002699298182472557,7.678839216169163e-07,0.0032884658419724223,6.34771212042924e-08,0.0001298064230069576,0.7808080808080808
33_A_B_H,CASSLGETQYF,5.998440405494571e-05,0.0,5.998440405494571e-05,1.5564995952999985e-23,9.032094229473848e-05,0.0
8_nd_A_B_H,mean,0.0007160900479897585,4.930859929550502e-05,0.005463013354885506,0.0009384121249698133,5.188067444876843e-05,0.2474805213213581
8_nd_A_B_H,CAVRDSNYQLIW,,,,,,
8_nd_A_B_H,CVVSDRGSTLGRLYF,,,,,,
8_nd_A_B_H,CAVLDSNYQLIW,,,,,,
8_nd_A_B_H,CASSLGETQYF,,,,,,
42_A_B_H,mean,0.0007282507359188901,6.962211904750249e-07,0.0024648091399596113,0.0007896005442314953,5.3070105609510014e-05,0.2985180708188309
42_A_B_H,CAVRDSNYQLIW,0.000902239677316633,0.0,0.002370251617165152,1.2899208485689632e-11,8.587637066245768e-05,0.9044117647058824
42_A_B_H,CVVSDRGSTLGRLYF,0.0029190107207302833,1.0186685777271627e-08,0.0034069524705239575,1.3298679020415596e-05,7.44503793934006e-05,0.958922558922559
42_A_B_H,CAVLDSNYQLIW,0.0013798959770724975,1.1911678596370162e-07,0.0028464831537428135,1.8553663468497503e-11,0.00012675076716815015,0.7753846153846153
42_A_B_H,CASSLGETQYF,,,,,,
45_A_B_H,mean,0.0009832721064134285,7.035400945596061e-07,0.0021146158818540215,0.0011586541878361141,9.86679822397612e-05,0.27181773146569743
45_A_B_H,CAVRDSNYQLIW,0.0026642984014209592,1.0697682482181452e-07,0.0032384233094712666,2.8468669199074515e-12,0.00021917315090767646,0.8746438746438746
45_A_B_H,CVVSDRGSTLGRLYF,0.003947108742845866,0.0,0.003980001315702914,3.231196866126922e-08,0.00016601491259399918,0.9910256410256411
45_A_B_H,CAVLDSNYQLIW,0.0026642984014209592,6.240820507504463e-08,0.0032384233094712666,2.9083689713199634e-12,0.00022011148133722718,0.9173789173789174
45_A_B_H,CASSLGETQYF,,,,,,
32_A_B_H,mean,0.0008500235244942733,3.340233906475685e-07,0.0016368861611343025,0.000889809258004847,7.36214385629094e-05,0.26478951810041546
32_A_B_H,CAVRDSNYQLIW,0.0033132086585186274,5.52708902813887e-08,0.0044924863166354275,6.075580070449785e-06,0.0001490541786199531,0.9404040404040404
32_A_B_H,CVVSDRGSTLGRLYF,0.004196730967456928,7.284733483888036e-09,0.00419797888032266,4.2786189756342624e-05,0.0001255568709416472,0.9849624060150376
32_A_B_H,CAVLDSNYQLIW,0.003534089235753203,6.732156819352153e-08,0.004569942977267073,6.418508655668257e-06,0.00016053834310920988,0.9202127659574468
32_A_B_H,CASSLGETQYF,0.0006626417317037256,4.909180113683716e-07,0.000721543218966279,9.292743695825296e-17,0.0003014663709157379,0.3055555555555556
9_A_B_OC,mean,0.001134570233160845,1.3011805659940176e-05,0.004231167050901778,0.001237803063239486,0.00013345789403443196,0.28008155837598986
9_A_B_OC,CAVRDSNYQLIW,,,,,,
9_A_B_OC,CVVSDRGSTLGRLYF,0.000800854244527496,0.0,0.000800854244527496,7.5758116483363085e-22,0.00017805488224692588,1.0
9_A_B_OC,CAVLDSNYQLIW,,,,,,
9_A_B_OC,CASSLGETQYF,,,,,,
17_A_B_OC,mean,0.0007365243369215148,5.47617356829647e-07,0.0015286835290150508,0.0008055022205837125,5.361930294905972e-05,0.21149259881830484
17_A_B_OC,CAVRDSNYQLIW,,,,,,
17_A_B_OC,CVVSDRGSTLGRLYF,,,,,,
17_A_B_OC,CAVLDSNYQLIW,,,,,,
17_A_B_OC,CASSLGETQYF,0.0005898439594616333,5.290045161916869e-05,0.0023988039100030596,2.697314486933709e-23,0.0002249870579016897,0.23636363636363636
24_A_B_H,mean,0.0008231611991282739,5.028549857666966e-07,0.002015336556685736,0.0009075096378419866,6.815238874122991e-05,0.2787060282075142
24_A_B_H,CAVRDSNYQLIW,0.0015676117775354416,4.881307817421775e-08,0.003124521210919545,9.387117808514172e-10,0.0001421479745018942,0.8814229249011858
24_A_B_H,CVVSDRGSTLGRLYF,0.004225736095965104,1.3939042921163774e-08,0.00424940173270326,6.643015850594912e-05,0.0001178652081375893,0.9539925965097832
24_A_B_H,CAVLDSNYQLIW,0.0017720828789531081,9.048920593047129e-08,0.0033163777765023244,1.036434580234057e-09,0.0001638266304564913,0.8215384615384616
24_A_B_H,CASSLGETQYF,,,,,,
